dimension,metric,memory_cost,recursion_depth,total cost,n_0,k_0,theta_0,code_size_0,list size_0,buckets size_0,m_0,eta_0,pf_inv_0,num_codes_0,filter_cost_0,memory_cost_0,search_cost_0,n_1,k_1,theta_1,code_size_1,list size_1,buckets size_1,m_1,eta_1,pf_inv_1,num_codes_1,filter_cost_1,memory_cost_1,search_cost_1,n_2,k_2,theta_2,code_size_2,list size_2,buckets size_2,m_2,eta_2,pf_inv_2,num_codes_2,filter_cost_2,memory_cost_2,search_cost_2,n_3,k_3,theta_3,code_size_3,list size_3,buckets size_3,m_3,eta_3,pf_inv_3,num_codes_3,filter_cost_3,memory_cost_3,search_cost_3,n_4,k_4,theta_4,code_size_4,list size_4,buckets size_4,m_4,eta_4,pf_inv_4,num_codes_4,filter_cost_4,memory_cost_4,search_cost_4,,,,,,,,,,,,,,,,,,,,,,,,,,,,,,,,,,,,,,,,,,,,,,,,,,,,,,,,,,,,,,,,,,,,,,,,,,,,,,,,,,,,,,,,,,,,,,,,,,,,,,,,,,,,,,,,,,,,,,,,,,,,,,,,,,,,,,,,,,,,,,,,,,,,,,,,,,,,,,,,,,,,,,,,
375,hardware_time,-19.8,1,151.3732481,511,170,1.156797283,51.9298795,98.83437264,98.83435322,3,0.75,1,21.09318823,121.0937583,129.4515446,129.0797274,,,,,,,,,,,,,,,,,,,,,,,,,,,,,,,,,,,,,,,,,,,,,,,,,,,,,,,,,,,,,,,,,,,,,,,,,,,,,,,,,,,,,,,,,,,,,,,,,,,,,,,,,,,,,,,,,,,,,,,,,,,,,,,,,,,,,,,,,,,,,,,,,,,,,,,,,,,,,,,,,,,,,,,,,,,,,,,,,,,,,,,,,,,,,,,,,,,,,,,,,,,,,,,,,,,,,,,,,,,,
587,hardware_time,-19.8,1,227.0990051,1023,341,1.170597783,74.16585794,143.8107215,143.8103812,2,0.75,1,29.38414666,185.8293896,196.915827,196.4803959,,,,,,,,,,,,,,,,,,,,,,,,,,,,,,,,,,,,,,,,,,,,,,,,,,,,,,,,,,,,,,,,,,,,,,,,,,,,,,,,,,,,,,,,,,,,,,,,,,,,,,,,,,,,,,,,,,,,,,,,,,,,,,,,,,,,,,,,,,,,,,,,,,,,,,,,,,,,,,,,,,,,,,,,,,,,,,,,,,,,,,,,,,,,,,,,,,,,,,,,,,,,,,,,,,,,,,,,,,,,
375,hardware_time,-19.8,2,144.7192427,511,170,1.247637707,34.28051923,98.83437264,100.4698682,2,0.75,1,11.4268398,120.9207846,131.1467643,131.9224664,511,170,1.234398733,35.0840765,66.17458427,66.18934892,5,0.75,1,15.94731161,78.13623163,80.4861735,80.64290356,,,,,,,,,,,,,,,,,,,,,,,,,,,,,,,,,,,,,,,,,,,,,,,,,,,,,,,,,,,,,,,,,,,,,,,,,,,,,,,,,,,,,,,,,,,,,,,,,,,,,,,,,,,,,,,,,,,,,,,,,,,,,,,,,,,,,,,,,,,,,,,,,,,,,,,,,,,,,,,,,,,,,,,,,,,,,,,,,,,,,,,,,,,,,,,,,,,,,,,,,,,,,,,
587,hardware_time,-19.8,2,216.7138829,1023,341,1.2544554,49.26708933,143.8107215,145.7904353,2,0.75,1,16.42236311,173.3744414,199.0589909,198.4917208,1023,341,1.245586751,49.31133729,96.52101333,96.09542342,3,0.75,1,22.41424422,117.8872237,125.697354,125.9096664,,,,,,,,,,,,,,,,,,,,,,,,,,,,,,,,,,,,,,,,,,,,,,,,,,,,,,,,,,,,,,,,,,,,,,,,,,,,,,,,,,,,,,,,,,,,,,,,,,,,,,,,,,,,,,,,,,,,,,,,,,,,,,,,,,,,,,,,,,,,,,,,,,,,,,,,,,,,,,,,,,,,,,,,,,,,,,,,,,,,,,,,,,,,,,,,,,,,,,,,,,,,,,,
375,hardware_time,-19.8,3,143.1418854,511,170,1.276272016,28.98856133,98.83437264,100.6153748,2,0.75,1,9.662854014,118.2735455,131.3334052,132.1093936,511,170,1.299934372,21.4280437,71.22725089,71.62681352,3,0.75,1,12.856823,83.31276895,88.37374281,88.7943568,511,170,1.300855401,26.23567814,47.49486853,50.19876982,8,0.75,1,8.814214305,55.7177543,57.12543525,57.51646154,,,,,,,,,,,,,,,,,,,,,,,,,,,,,,,,,,,,,,,,,,,,,,,,,,,,,,,,,,,,,,,,,,,,,,,,,,,,,,,,,,,,,,,,,,,,,,,,,,,,,,,,,,,,,,,,,,,,,,,,,,,,,,,,,,,,,,,,,,,,,,,,,,,,,,,,,,,,,,,,,,,,,,,,,,,,,,,,,,,,,,,,,,,,,,,,,,
587,hardware_time,-19.8,3,212.303584,1023,341,1.294452529,38.32877302,143.8107215,145.360558,2,0.75,1,12.77625767,167.9033011,198.5034006,197.5508617,1023,341,1.290075099,37.09380695,107.0294523,106.3236406,2,0.75,1,16.86082134,130.5042234,141.3098327,140.4101795,1023,341,1.295055012,36.5181037,69.22749718,69.22737208,5,0.75,1,17.24692447,81.45781222,85.04596444,84.97146622,,,,,,,,,,,,,,,,,,,,,,,,,,,,,,,,,,,,,,,,,,,,,,,,,,,,,,,,,,,,,,,,,,,,,,,,,,,,,,,,,,,,,,,,,,,,,,,,,,,,,,,,,,,,,,,,,,,,,,,,,,,,,,,,,,,,,,,,,,,,,,,,,,,,,,,,,,,,,,,,,,,,,,,,,,,,,,,,,,,,,,,,,,,,,,,,,,
586,hardware_time,-19.8,1,226.7449948,1023,341,1.170540969,74.06667591,143.5996513,143.5996149,2,0.75,1,29.34705438,185.568597,196.5994497,196.1627108,,,,,,,,,,,,,,,,,,,,,,,,,,,,,,,,,,,,,,,,,,,,,,,,,,,,,,,,,,,,,,,,,,,,,,,,,,,,,,,,,,,,,,,,,,,,,,,,,,,,,,,,,,,,,,,,,,,,,,,,,,,,,,,,,,,,,,,,,,,,,,,,,,,,,,,,,,,,,,,,,,,,,,,,,,,,,,,,,,,,,,,,,,,,,,,,,,,,,,,,,,,,,,,,,,,,,,,,,,,,
818,hardware_time,-19.8,1,308.7273818,1023,341,1.179164088,97.58431441,192.4426073,192.4425821,2,0.75,1,38.07212907,246.1929711,269.8638921,269.4112549,,,,,,,,,,,,,,,,,,,,,,,,,,,,,,,,,,,,,,,,,,,,,,,,,,,,,,,,,,,,,,,,,,,,,,,,,,,,,,,,,,,,,,,,,,,,,,,,,,,,,,,,,,,,,,,,,,,,,,,,,,,,,,,,,,,,,,,,,,,,,,,,,,,,,,,,,,,,,,,,,,,,,,,,,,,,,,,,,,,,,,,,,,,,,,,,,,,,,,,,,,,,,,,,,,,,,,,,,,,,
586,hardware_time,-19.8,2,216.376666,1023,341,1.2544554,49.19064423,143.5996513,145.5775383,2,0.75,1,16.39688141,173.125018,198.7399558,198.1853699,1023,341,1.245586751,49.23429838,96.3845576,95.96080202,3,0.75,1,22.37922653,117.7249585,125.4937473,125.7221355,,,,,,,,,,,,,,,,,,,,,,,,,,,,,,,,,,,,,,,,,,,,,,,,,,,,,,,,,,,,,,,,,,,,,,,,,,,,,,,,,,,,,,,,,,,,,,,,,,,,,,,,,,,,,,,,,,,,,,,,,,,,,,,,,,,,,,,,,,,,,,,,,,,,,,,,,,,,,,,,,,,,,,,,,,,,,,,,,,,,,,,,,,,,,,,,,,,,,,,,,,,,,,,
818,hardware_time,-19.8,2,299.8796091,1023,341,1.221730476,77.94495796,192.4426073,192.4422155,2,0.75,1,30.01202927,236.3692739,269.8636171,260.3575285,1023,341,1.25125601,65.66007371,114.4955592,114.4949821,3,0.75,1,29.46125329,141.3329637,152.9429061,145.4436923,,,,,,,,,,,,,,,,,,,,,,,,,,,,,,,,,,,,,,,,,,,,,,,,,,,,,,,,,,,,,,,,,,,,,,,,,,,,,,,,,,,,,,,,,,,,,,,,,,,,,,,,,,,,,,,,,,,,,,,,,,,,,,,,,,,,,,,,,,,,,,,,,,,,,,,,,,,,,,,,,,,,,,,,,,,,,,,,,,,,,,,,,,,,,,,,,,,,,,,,,,,,,,,
586,hardware_time,-19.8,3,211.928686,1023,341,1.296504938,37.75267211,143.5996513,145.1297438,2,0.75,1,12.58422405,167.4039646,198.1621497,197.5062988,1023,341,1.289750822,37.10015502,107.3747352,106.6536854,2,0.75,1,16.86370683,130.8525616,141.820383,140.9556029,1023,341,1.294143618,36.68291332,69.55119013,69.5508963,5,0.75,1,17.30517302,81.81436345,85.53088759,85.45838597,,,,,,,,,,,,,,,,,,,,,,,,,,,,,,,,,,,,,,,,,,,,,,,,,,,,,,,,,,,,,,,,,,,,,,,,,,,,,,,,,,,,,,,,,,,,,,,,,,,,,,,,,,,,,,,,,,,,,,,,,,,,,,,,,,,,,,,,,,,,,,,,,,,,,,,,,,,,,,,,,,,,,,,,,,,,,,,,,,,,,,,,,,,,,,,,,,
818,hardware_time,-19.8,3,299.875656,1023,341,1.221730476,77.94495796,192.4426073,192.4422155,2,0.75,1,30.01202927,236.3692739,269.8636171,251.6658004,1023,341,1.311169819,43.55426963,114.4955592,114.495014,2,0.75,1,20.57308349,141.2213521,152.94293,149.2274787,1023,341,1.339160117,36.70066834,70.13882725,70.94074435,4,0.75,1,17.36460817,84.26116003,87.13454971,87.29802089,,,,,,,,,,,,,,,,,,,,,,,,,,,,,,,,,,,,,,,,,,,,,,,,,,,,,,,,,,,,,,,,,,,,,,,,,,,,,,,,,,,,,,,,,,,,,,,,,,,,,,,,,,,,,,,,,,,,,,,,,,,,,,,,,,,,,,,,,,,,,,,,,,,,,,,,,,,,,,,,,,,,,,,,,,,,,,,,,,,,,,,,,,,,,,,,,,
829,hardware_time,-19.8,1,312.6438667,1023,341,1.178097245,99.37403929,194.7534373,194.7534342,2,0.75,1,38.76891792,249.3995984,273.3301536,272.2061321,,,,,,,,,,,,,,,,,,,,,,,,,,,,,,,,,,,,,,,,,,,,,,,,,,,,,,,,,,,,,,,,,,,,,,,,,,,,,,,,,,,,,,,,,,,,,,,,,,,,,,,,,,,,,,,,,,,,,,,,,,,,,,,,,,,,,,,,,,,,,,,,,,,,,,,,,,,,,,,,,,,,,,,,,,,,,,,,,,,,,,,,,,,,,,,,,,,,,,,,,,,,,,,,,,,,,,,,,,,,
829,hardware_time,-19.8,2,303.7132396,1023,341,1.221730476,78.94172879,194.7534373,194.7532126,2,0.75,1,30.3796544,239.1792698,273.3299875,263.6843267,1023,341,1.25125601,66.49441607,115.8098072,115.8097539,3,0.75,1,29.82071381,142.9260745,154.9146709,147.201748,,,,,,,,,,,,,,,,,,,,,,,,,,,,,,,,,,,,,,,,,,,,,,,,,,,,,,,,,,,,,,,,,,,,,,,,,,,,,,,,,,,,,,,,,,,,,,,,,,,,,,,,,,,,,,,,,,,,,,,,,,,,,,,,,,,,,,,,,,,,,,,,,,,,,,,,,,,,,,,,,,,,,,,,,,,,,,,,,,,,,,,,,,,,,,,,,,,,,,,,,,,,,,,
829,hardware_time,-19.8,3,303.7096497,1023,341,1.221730476,78.94172879,194.7534373,194.7532126,2,0.75,1,30.3796544,239.1792698,273.3299875,254.8468916,1023,341,1.311169819,44.10305369,115.8098072,115.8089233,2,0.75,1,20.80751329,142.8107311,154.914048,151.0302878,1023,341,1.339364591,37.08208886,70.90277713,71.70586961,4,0.75,1,17.50532664,85.12118668,88.28103585,88.40966223,,,,,,,,,,,,,,,,,,,,,,,,,,,,,,,,,,,,,,,,,,,,,,,,,,,,,,,,,,,,,,,,,,,,,,,,,,,,,,,,,,,,,,,,,,,,,,,,,,,,,,,,,,,,,,,,,,,,,,,,,,,,,,,,,,,,,,,,,,,,,,,,,,,,,,,,,,,,,,,,,,,,,,,,,,,,,,,,,,,,,,,,,,,,,,,,,,
394,hardware_time,-19.8,1,158.1389479,511,170,1.159007706,53.82784461,102.880855,102.8806752,3,0.75,1,21.79596426,125.7757326,135.5211477,135.1374849,,,,,,,,,,,,,,,,,,,,,,,,,,,,,,,,,,,,,,,,,,,,,,,,,,,,,,,,,,,,,,,,,,,,,,,,,,,,,,,,,,,,,,,,,,,,,,,,,,,,,,,,,,,,,,,,,,,,,,,,,,,,,,,,,,,,,,,,,,,,,,,,,,,,,,,,,,,,,,,,,,,,,,,,,,,,,,,,,,,,,,,,,,,,,,,,,,,,,,,,,,,,,,,,,,,,,,,,,,,,
394,hardware_time,-19.8,2,151.1615593,511,170,1.251728323,34.98689861,102.880855,104.5089054,2,0.75,1,11.66229955,125.3231647,137.20705,138.1697075,511,170,1.234068391,36.69978957,69.51848344,69.46674067,5,0.75,1,16.68172397,81.80615018,85.44384646,85.44471502,,,,,,,,,,,,,,,,,,,,,,,,,,,,,,,,,,,,,,,,,,,,,,,,,,,,,,,,,,,,,,,,,,,,,,,,,,,,,,,,,,,,,,,,,,,,,,,,,,,,,,,,,,,,,,,,,,,,,,,,,,,,,,,,,,,,,,,,,,,,,,,,,,,,,,,,,,,,,,,,,,,,,,,,,,,,,,,,,,,,,,,,,,,,,,,,,,,,,,,,,,,,,,,
394,hardware_time,-19.8,3,149.5729433,511,170,1.300815708,25.93606958,102.880855,104.3431276,2,0.75,1,8.645357706,120.7957361,136.9999566,139.8295186,511,170,1.290639799,23.60736587,78.18438533,78.40705805,2,0.75,1,14.16441893,94.93430939,98.65346159,97.69836492,511,170,1.287912051,29.63965471,51.86979688,54.79969218,8,0.75,1,9.894254877,60.52129016,62.97384507,63.17731694,,,,,,,,,,,,,,,,,,,,,,,,,,,,,,,,,,,,,,,,,,,,,,,,,,,,,,,,,,,,,,,,,,,,,,,,,,,,,,,,,,,,,,,,,,,,,,,,,,,,,,,,,,,,,,,,,,,,,,,,,,,,,,,,,,,,,,,,,,,,,,,,,,,,,,,,,,,,,,,,,,,,,,,,,,,,,,,,,,,,,,,,,,,,,,,,,,
375,hardware_time,0,1,164.3463026,511,170,1.221730476,37.64203154,98.83437264,98.83399605,2,0.75,1,15.07080803,122.6023951,149.2512765,143.366861,,,,,,,,,,,,,,,,,,,,,,,,,,,,,,,,,,,,,,,,,,,,,,,,,,,,,,,,,,,,,,,,,,,,,,,,,,,,,,,,,,,,,,,,,,,,,,,,,,,,,,,,,,,,,,,,,,,,,,,,,,,,,,,,,,,,,,,,,,,,,,,,,,,,,,,,,,,,,,,,,,,,,,,,,,,,,,,,,,,,,,,,,,,,,,,,,,,,,,,,,,,,,,,,,,,,,,,,,,,,
587,hardware_time,0,1,239.1446054,1023,341,1.221730476,56.98099219,143.8107215,143.8106985,2,0.75,1,22.26410429,177.2329607,216.716065,213.6658964,,,,,,,,,,,,,,,,,,,,,,,,,,,,,,,,,,,,,,,,,,,,,,,,,,,,,,,,,,,,,,,,,,,,,,,,,,,,,,,,,,,,,,,,,,,,,,,,,,,,,,,,,,,,,,,,,,,,,,,,,,,,,,,,,,,,,,,,,,,,,,,,,,,,,,,,,,,,,,,,,,,,,,,,,,,,,,,,,,,,,,,,,,,,,,,,,,,,,,,,,,,,,,,,,,,,,,,,,,,,
375,hardware_time,0,2,160.4164705,511,170,1.276037657,27.64240282,98.83437264,98.83392122,2,0.75,1,11.06393087,117.6001622,149.2512204,144.4703901,511,170,1.337215323,18.36376689,71.18782362,71.18755794,2,0.75,1,8.242031887,85.31223396,107.7815362,107.359639,,,,,,,,,,,,,,,,,,,,,,,,,,,,,,,,,,,,,,,,,,,,,,,,,,,,,,,,,,,,,,,,,,,,,,,,,,,,,,,,,,,,,,,,,,,,,,,,,,,,,,,,,,,,,,,,,,,,,,,,,,,,,,,,,,,,,,,,,,,,,,,,,,,,,,,,,,,,,,,,,,,,,,,,,,,,,,,,,,,,,,,,,,,,,,,,,,,,,,,,,,,,,,,
587,hardware_time,0,2,238.9802163,1023,341,1.221730476,56.98099219,143.8107215,143.8106985,2,0.75,1,22.26410429,177.2329607,216.716065,200.8112567,1023,341,1.343571124,25.7929662,86.82737365,86.82736437,2,0.75,1,11.75324237,104.650005,131.2410535,130.8919194,,,,,,,,,,,,,,,,,,,,,,,,,,,,,,,,,,,,,,,,,,,,,,,,,,,,,,,,,,,,,,,,,,,,,,,,,,,,,,,,,,,,,,,,,,,,,,,,,,,,,,,,,,,,,,,,,,,,,,,,,,,,,,,,,,,,,,,,,,,,,,,,,,,,,,,,,,,,,,,,,,,,,,,,,,,,,,,,,,,,,,,,,,,,,,,,,,,,,,,,,,,,,,,
375,hardware_time,0,3,160.1705123,511,170,1.291270939,25.14542012,98.83437264,98.83431608,2,0.75,1,10.08633549,116.3511248,149.2515165,147.8948489,511,170,1.288663021,25.50351002,73.68520117,73.68510068,2,0.75,1,11.21275793,91.38092909,111.5277264,103.1984508,511,170,1.451039824,6.584962501,48.17788639,48.17786289,2,0.75,1,3.496588625,56.41082947,73.26681737,73.12646181,,,,,,,,,,,,,,,,,,,,,,,,,,,,,,,,,,,,,,,,,,,,,,,,,,,,,,,,,,,,,,,,,,,,,,,,,,,,,,,,,,,,,,,,,,,,,,,,,,,,,,,,,,,,,,,,,,,,,,,,,,,,,,,,,,,,,,,,,,,,,,,,,,,,,,,,,,,,,,,,,,,,,,,,,,,,,,,,,,,,,,,,,,,,,,,,,,
587,hardware_time,0,3,240.747925,1023,341,1.221730476,55.21316487,143.8107215,143.8106001,2,0.75,1,24.03193161,176.3486753,216.7159912,196.3776176,1023,341,1.38467004,20.02522204,86.82737365,88.59743524,2,0.75,1,6.675112465,101.7653741,133.108733,132.7902088,1023,341,1.396134283,16.38436218,68.56987673,68.5698611,2,0.75,1,7.942128287,81.68688349,103.8548034,103.7901898,,,,,,,,,,,,,,,,,,,,,,,,,,,,,,,,,,,,,,,,,,,,,,,,,,,,,,,,,,,,,,,,,,,,,,,,,,,,,,,,,,,,,,,,,,,,,,,,,,,,,,,,,,,,,,,,,,,,,,,,,,,,,,,,,,,,,,,,,,,,,,,,,,,,,,,,,,,,,,,,,,,,,,,,,,,,,,,,,,,,,,,,,,,,,,,,,,
586,hardware_time,0,1,238.7933666,1023,341,1.221730476,56.8895783,143.5996513,143.5991549,2,0.75,1,22.23090478,176.976051,216.3991047,213.3388884,,,,,,,,,,,,,,,,,,,,,,,,,,,,,,,,,,,,,,,,,,,,,,,,,,,,,,,,,,,,,,,,,,,,,,,,,,,,,,,,,,,,,,,,,,,,,,,,,,,,,,,,,,,,,,,,,,,,,,,,,,,,,,,,,,,,,,,,,,,,,,,,,,,,,,,,,,,,,,,,,,,,,,,,,,,,,,,,,,,,,,,,,,,,,,,,,,,,,,,,,,,,,,,,,,,,,,,,,,,,
818,hardware_time,0,1,320.4011702,1023,341,1.221730476,77.94495796,192.4426073,192.4422155,2,0.75,1,30.01202927,236.3692739,289.6636171,289.0498781,,,,,,,,,,,,,,,,,,,,,,,,,,,,,,,,,,,,,,,,,,,,,,,,,,,,,,,,,,,,,,,,,,,,,,,,,,,,,,,,,,,,,,,,,,,,,,,,,,,,,,,,,,,,,,,,,,,,,,,,,,,,,,,,,,,,,,,,,,,,,,,,,,,,,,,,,,,,,,,,,,,,,,,,,,,,,,,,,,,,,,,,,,,,,,,,,,,,,,,,,,,,,,,,,,,,,,,,,,,,
586,hardware_time,0,2,238.6300572,1023,341,1.221730476,56.8895783,143.5996513,143.5991549,2,0.75,1,22.23090478,176.976051,216.3991047,200.5158715,1023,341,1.343623132,25.74357024,86.70724013,86.70700487,2,0.75,1,11.73239952,104.5050439,131.0606838,130.7052693,,,,,,,,,,,,,,,,,,,,,,,,,,,,,,,,,,,,,,,,,,,,,,,,,,,,,,,,,,,,,,,,,,,,,,,,,,,,,,,,,,,,,,,,,,,,,,,,,,,,,,,,,,,,,,,,,,,,,,,,,,,,,,,,,,,,,,,,,,,,,,,,,,,,,,,,,,,,,,,,,,,,,,,,,,,,,,,,,,,,,,,,,,,,,,,,,,,,,,,,,,,,,,,
818,hardware_time,0,2,314.3430108,1023,341,1.2544554,64.48162344,192.4426073,192.4425447,2,0.75,1,24.67828655,229.6352271,289.663864,277.9526084,1023,341,1.306563547,45.83230855,127.9592229,127.9587829,2,0.75,1,19.85533807,155.8243356,192.9385044,192.199059,,,,,,,,,,,,,,,,,,,,,,,,,,,,,,,,,,,,,,,,,,,,,,,,,,,,,,,,,,,,,,,,,,,,,,,,,,,,,,,,,,,,,,,,,,,,,,,,,,,,,,,,,,,,,,,,,,,,,,,,,,,,,,,,,,,,,,,,,,,,,,,,,,,,,,,,,,,,,,,,,,,,,,,,,,,,,,,,,,,,,,,,,,,,,,,,,,,,,,,,,,,,,,,
586,hardware_time,0,3,240.3940262,1023,341,1.221730476,55.12573819,143.5996513,143.5993875,2,0.75,1,23.99474489,176.0937598,216.3992791,196.09461,1023,341,1.384813877,19.97147479,86.70724013,88.47364927,2,0.75,1,6.657173553,101.6182361,132.9238059,132.6170907,1023,341,1.396126225,16.36187526,68.49983422,68.49932151,2,0.75,1,7.932330496,81.60546962,103.7493669,103.6762781,,,,,,,,,,,,,,,,,,,,,,,,,,,,,,,,,,,,,,,,,,,,,,,,,,,,,,,,,,,,,,,,,,,,,,,,,,,,,,,,,,,,,,,,,,,,,,,,,,,,,,,,,,,,,,,,,,,,,,,,,,,,,,,,,,,,,,,,,,,,,,,,,,,,,,,,,,,,,,,,,,,,,,,,,,,,,,,,,,,,,,,,,,,,,,,,,,
818,hardware_time,0,3,311.2178681,1023,341,1.276056299,56.35386869,192.4426073,192.4421663,2,0.75,1,21.52903174,225.5700617,289.6635802,282.8402402,1023,341,1.293571343,50.14303279,136.0865992,136.0864171,2,0.75,1,21.35614688,166.1076668,205.1297623,192.5225377,1023,341,1.384366378,24.32826671,85.94168397,85.94159662,2,0.75,1,11.58221151,103.0522293,129.9124604,129.672129,,,,,,,,,,,,,,,,,,,,,,,,,,,,,,,,,,,,,,,,,,,,,,,,,,,,,,,,,,,,,,,,,,,,,,,,,,,,,,,,,,,,,,,,,,,,,,,,,,,,,,,,,,,,,,,,,,,,,,,,,,,,,,,,,,,,,,,,,,,,,,,,,,,,,,,,,,,,,,,,,,,,,,,,,,,,,,,,,,,,,,,,,,,,,,,,,,
829,hardware_time,0,1,324.2845192,1023,341,1.221730476,78.94172879,194.7534373,194.7532126,2,0.75,1,30.3796544,239.1792698,293.1299875,292.6379994,,,,,,,,,,,,,,,,,,,,,,,,,,,,,,,,,,,,,,,,,,,,,,,,,,,,,,,,,,,,,,,,,,,,,,,,,,,,,,,,,,,,,,,,,,,,,,,,,,,,,,,,,,,,,,,,,,,,,,,,,,,,,,,,,,,,,,,,,,,,,,,,,,,,,,,,,,,,,,,,,,,,,,,,,,,,,,,,,,,,,,,,,,,,,,,,,,,,,,,,,,,,,,,,,,,,,,,,,,,,
829,hardware_time,0,2,318.1070391,1023,341,1.2544554,65.29820544,194.7534373,194.7528633,2,0.75,1,24.97652225,232.3551078,293.1297255,281.2979214,1023,341,1.306563547,46.4024761,129.4529812,129.4527813,2,0.75,1,20.08925732,157.6039177,195.1793219,194.5797428,,,,,,,,,,,,,,,,,,,,,,,,,,,,,,,,,,,,,,,,,,,,,,,,,,,,,,,,,,,,,,,,,,,,,,,,,,,,,,,,,,,,,,,,,,,,,,,,,,,,,,,,,,,,,,,,,,,,,,,,,,,,,,,,,,,,,,,,,,,,,,,,,,,,,,,,,,,,,,,,,,,,,,,,,,,,,,,,,,,,,,,,,,,,,,,,,,,,,,,,,,,,,,,
829,hardware_time,0,3,314.9740109,1023,341,1.275816615,57.15089374,194.7534373,194.7530231,2,0.75,1,21.81936617,228.280167,293.1298453,286.2799478,1023,341,1.292798191,51.03688708,137.6004527,137.6002767,2,0.75,1,21.72813596,168.0692291,207.400547,194.4760514,1023,341,1.384427365,24.60041726,86.56171098,86.5614259,2,0.75,1,11.71178302,103.8090568,130.8423527,130.6024479,,,,,,,,,,,,,,,,,,,,,,,,,,,,,,,,,,,,,,,,,,,,,,,,,,,,,,,,,,,,,,,,,,,,,,,,,,,,,,,,,,,,,,,,,,,,,,,,,,,,,,,,,,,,,,,,,,,,,,,,,,,,,,,,,,,,,,,,,,,,,,,,,,,,,,,,,,,,,,,,,,,,,,,,,,,,,,,,,,,,,,,,,,,,,,,,,,
394,hardware_time,0,1,171.0695083,511,170,1.221730476,39.38184444,102.880855,102.8808224,2,0.75,1,15.72145966,127.5217199,155.321258,149.5837796,,,,,,,,,,,,,,,,,,,,,,,,,,,,,,,,,,,,,,,,,,,,,,,,,,,,,,,,,,,,,,,,,,,,,,,,,,,,,,,,,,,,,,,,,,,,,,,,,,,,,,,,,,,,,,,,,,,,,,,,,,,,,,,,,,,,,,,,,,,,,,,,,,,,,,,,,,,,,,,,,,,,,,,,,,,,,,,,,,,,,,,,,,,,,,,,,,,,,,,,,,,,,,,,,,,,,,,,,,,,
394,hardware_time,0,2,166.0784056,511,170,1.292298919,26.09220445,102.880855,102.8805646,2,0.75,1,10.43175365,120.8738357,155.3210647,152.3392685,511,170,1.324092038,21.04066832,76.78483677,76.78482313,2,0.75,1,9.271938159,92.25091378,116.1772449,115.7400038,,,,,,,,,,,,,,,,,,,,,,,,,,,,,,,,,,,,,,,,,,,,,,,,,,,,,,,,,,,,,,,,,,,,,,,,,,,,,,,,,,,,,,,,,,,,,,,,,,,,,,,,,,,,,,,,,,,,,,,,,,,,,,,,,,,,,,,,,,,,,,,,,,,,,,,,,,,,,,,,,,,,,,,,,,,,,,,,,,,,,,,,,,,,,,,,,,,,,,,,,,,,,,,
394,hardware_time,0,3,166.2848811,511,170,1.306951631,24.91519875,102.880855,104.0847221,2,0.75,1,8.305067821,120.2850917,156.4899987,156.3448152,511,170,1.287105277,26.90614392,79.16599997,79.1655339,2,0.75,1,11.67012141,97.56598831,119.7486504,111.6983862,511,170,1.414589103,9.978710459,52.25585802,52.25465849,2,0.75,1,5.006459356,62.18895288,79.38288909,77.74869627,,,,,,,,,,,,,,,,,,,,,,,,,,,,,,,,,,,,,,,,,,,,,,,,,,,,,,,,,,,,,,,,,,,,,,,,,,,,,,,,,,,,,,,,,,,,,,,,,,,,,,,,,,,,,,,,,,,,,,,,,,,,,,,,,,,,,,,,,,,,,,,,,,,,,,,,,,,,,,,,,,,,,,,,,,,,,,,,,,,,,,,,,,,,,,,,,,
375,classical,-19.8,1,133.2068236,511,170,1.041061628,105.4196499,98.83437264,120.0906072,8,0.75,1,15.05994998,117.1335114,#NAME?,117.1601132,,,,,,,,,,,,,,,,,,,,,,,,,,,,,,,,,,,,,,,,,,,,,,,,,,,,,,,,,,,,,,,,,,,,,,,,,,,,,,,,,,,,,,,,,,,,,,,,,,,,,,,,,,,,,,,,,,,,,,,,,,,,,,,,,,,,,,,,,,,,,,,,,,,,,,,,,,,,,,,,,,,,,,,,,,,,,,,,,,,,,,,,,,,,,,,,,,,,,,,,,,,,,,,,,,,,,,,,,,,,
394,classical,-19.8,1,138.7105944,511,170,1.041288884,110.3698922,102.880855,125.0874789,8,0.75,1,15.76712745,121.8327666,#NAME?,122.046275,,,,,,,,,,,,,,,,,,,,,,,,,,,,,,,,,,,,,,,,,,,,,,,,,,,,,,,,,,,,,,,,,,,,,,,,,,,,,,,,,,,,,,,,,,,,,,,,,,,,,,,,,,,,,,,,,,,,,,,,,,,,,,,,,,,,,,,,,,,,,,,,,,,,,,,,,,,,,,,,,,,,,,,,,,,,,,,,,,,,,,,,,,,,,,,,,,,,,,,,,,,,,,,,,,,,,,,,,,,,
375,classical,-19.8,2,135.2604474,511,170,1.178097245,49.43060021,98.83437264,116.1615772,8,0.75,1,16.47686674,109.9601555,#NAME?,117.7799049,511,170,1.221203745,52.51183685,51.87520143,66.73097701,8,0.75,1,3.505122118,63.56989971,#NAME?,64.07455628,,,,,,,,,,,,,,,,,,,,,,,,,,,,,,,,,,,,,,,,,,,,,,,,,,,,,,,,,,,,,,,,,,,,,,,,,,,,,,,,,,,,,,,,,,,,,,,,,,,,,,,,,,,,,,,,,,,,,,,,,,,,,,,,,,,,,,,,,,,,,,,,,,,,,,,,,,,,,,,,,,,,,,,,,,,,,,,,,,,,,,,,,,,,,,,,,,,,,,,,,,,,,,,
394,classical,-19.8,2,140.771887,511,170,1.178097245,51.71394362,102.880855,120.9358801,8,0.75,1,17.23798121,114.2949144,#NAME?,122.5311997,511,170,1.221203745,54.90590112,53.7169156,69.22193644,8,0.75,1,3.663530949,65.75033324,#NAME?,66.46862055,,,,,,,,,,,,,,,,,,,,,,,,,,,,,,,,,,,,,,,,,,,,,,,,,,,,,,,,,,,,,,,,,,,,,,,,,,,,,,,,,,,,,,,,,,,,,,,,,,,,,,,,,,,,,,,,,,,,,,,,,,,,,,,,,,,,,,,,,,,,,,,,,,,,,,,,,,,,,,,,,,,,,,,,,,,,,,,,,,,,,,,,,,,,,,,,,,,,,,,,,,,,,,,
586,classical,-19.8,1,195.5873648,1023,341,1.043106936,160.0515712,143.5996513,175.3102575,9,0.75,1,22.86451017,168.7992102,#NAME?,172.6245082,,,,,,,,,,,,,,,,,,,,,,,,,,,,,,,,,,,,,,,,,,,,,,,,,,,,,,,,,,,,,,,,,,,,,,,,,,,,,,,,,,,,,,,,,,,,,,,,,,,,,,,,,,,,,,,,,,,,,,,,,,,,,,,,,,,,,,,,,,,,,,,,,,,,,,,,,,,,,,,,,,,,,,,,,,,,,,,,,,,,,,,,,,,,,,,,,,,,,,,,,,,,,,,,,,,,,,,,,,,,
587,classical,-19.8,1,195.8869748,1023,341,1.043106936,160.3141088,143.8107215,175.5717042,9,0.75,1,22.90201554,169.0551636,#NAME?,172.8870458,,,,,,,,,,,,,,,,,,,,,,,,,,,,,,,,,,,,,,,,,,,,,,,,,,,,,,,,,,,,,,,,,,,,,,,,,,,,,,,,,,,,,,,,,,,,,,,,,,,,,,,,,,,,,,,,,,,,,,,,,,,,,,,,,,,,,,,,,,,,,,,,,,,,,,,,,,,,,,,,,,,,,,,,,,,,,,,,,,,,,,,,,,,,,,,,,,,,,,,,,,,,,,,,,,,,,,,,,,,,
586,classical,-19.8,2,198.0402952,1023,341,1.178097245,74.68282306,143.5996513,163.6471546,9,0.75,1,24.89427435,156.8283399,#NAME?,172.1460021,1023,341,1.221203745,73.70121631,72.2259349,88.9643315,9,0.75,1,10.52886257,85.48892794,#NAME?,86.27415333,,,,,,,,,,,,,,,,,,,,,,,,,,,,,,,,,,,,,,,,,,,,,,,,,,,,,,,,,,,,,,,,,,,,,,,,,,,,,,,,,,,,,,,,,,,,,,,,,,,,,,,,,,,,,,,,,,,,,,,,,,,,,,,,,,,,,,,,,,,,,,,,,,,,,,,,,,,,,,,,,,,,,,,,,,,,,,,,,,,,,,,,,,,,,,,,,,,,,,,,,,,,,,,
587,classical,-19.8,2,198.3299929,1023,341,1.178097245,74.80210002,143.8107215,163.8873872,9,0.75,1,24.93403334,157.0527917,#NAME?,172.3959412,1023,341,1.221203745,73.81774842,72.32157778,89.08528714,9,0.75,1,10.54550801,85.59859927,#NAME?,86.39068545,,,,,,,,,,,,,,,,,,,,,,,,,,,,,,,,,,,,,,,,,,,,,,,,,,,,,,,,,,,,,,,,,,,,,,,,,,,,,,,,,,,,,,,,,,,,,,,,,,,,,,,,,,,,,,,,,,,,,,,,,,,,,,,,,,,,,,,,,,,,,,,,,,,,,,,,,,,,,,,,,,,,,,,,,,,,,,,,,,,,,,,,,,,,,,,,,,,,,,,,,,,,,,,
829,classical,-19.8,1,267.2699787,1023,341,1.044470474,222.521357,194.7534373,238.3777205,9,0.75,1,31.78876529,231.1708279,#NAME?,235.4066028,,,,,,,,,,,,,,,,,,,,,,,,,,,,,,,,,,,,,,,,,,,,,,,,,,,,,,,,,,,,,,,,,,,,,,,,,,,,,,,,,,,,,,,,,,,,,,,,,,,,,,,,,,,,,,,,,,,,,,,,,,,,,,,,,,,,,,,,,,,,,,,,,,,,,,,,,,,,,,,,,,,,,,,,,,,,,,,,,,,,,,,,,,,,,,,,,,,,,,,,,,,,,,,,,,,,,,,,,,,,
818,classical,-19.8,1,264.0644771,1023,341,1.044470474,219.6559952,192.4426073,235.5188736,9,0.75,1,31.37942789,228.3302073,#NAME?,232.6127603,,,,,,,,,,,,,,,,,,,,,,,,,,,,,,,,,,,,,,,,,,,,,,,,,,,,,,,,,,,,,,,,,,,,,,,,,,,,,,,,,,,,,,,,,,,,,,,,,,,,,,,,,,,,,,,,,,,,,,,,,,,,,,,,,,,,,,,,,,,,,,,,,,,,,,,,,,,,,,,,,,,,,,,,,,,,,,,,,,,,,,,,,,,,,,,,,,,,,,,,,,,,,,,,,,,,,,,,,,,,
829,classical,-19.8,2,269.8258282,1023,341,1.178097245,103.6072179,194.7534373,221.8497254,9,0.75,1,34.5357393,211.2184048,#NAME?,234.2900888,1023,341,1.221203745,101.9471165,95.3777183,118.2425075,9,0.75,1,14.56387555,112.333816,#NAME?,116.0103601,,,,,,,,,,,,,,,,,,,,,,,,,,,,,,,,,,,,,,,,,,,,,,,,,,,,,,,,,,,,,,,,,,,,,,,,,,,,,,,,,,,,,,,,,,,,,,,,,,,,,,,,,,,,,,,,,,,,,,,,,,,,,,,,,,,,,,,,,,,,,,,,,,,,,,,,,,,,,,,,,,,,,,,,,,,,,,,,,,,,,,,,,,,,,,,,,,,,,,,,,,,,,,,
818,classical,-19.8,2,266.5654991,1023,341,1.178097245,102.2999668,192.4426073,219.22105,9,0.75,1,34.09998894,208.7615842,#NAME?,231.4655101,1023,341,1.221203745,100.6709165,94.33283339,116.9210832,9,0.75,1,14.38156164,111.1038686,#NAME?,114.6667975,,,,,,,,,,,,,,,,,,,,,,,,,,,,,,,,,,,,,,,,,,,,,,,,,,,,,,,,,,,,,,,,,,,,,,,,,,,,,,,,,,,,,,,,,,,,,,,,,,,,,,,,,,,,,,,,,,,,,,,,,,,,,,,,,,,,,,,,,,,,,,,,,,,,,,,,,,,,,,,,,,,,,,,,,,,,,,,,,,,,,,,,,,,,,,,,,,,,,,,,,,,,,,,
375,hardware_time,-19.8,4,144.14044,511,170,1.350812119,11.72067179,98.83437264,93.92016553,2,0.75,1,11.72084112,109.6362124,128.4602464,131.3237382,511,170,1.347613686,12.16710448,82.19579896,77.35857821,2,0.75,1,12.16691845,93.22077575,103.5031729,106.3383764,511,170,1.350066265,12.12960501,65.18776946,63.30817399,3,0.75,1,12.12929897,74.17214453,78.19303683,80.93152924,511,170,1.294823575,27.05914843,48.52906282,51.17856898,8,0.75,1,9.089767021,56.85481138,58.31515511,58.66013256,,,,,,,,,,,,,,,,,,,,,,,,,,,,,,,,,,,,,,,,,,,,,,,,,,,,,,,,,,,,,,,,,,,,,,,,,,,,,,,,,,,,,,,,,,,,,,,,,,,,,,,,,,,,,,,,,,,,,,,,,,,,,,,,,,,,,,,,,,,,,,,,,,,,,,,,,,,,,,,,,,,,,,,,,,,,,,,,,,,,,
375,hardware_time,-19.8,1,151.3738224,511,170,1.157153294,51.84427635,98.83437264,98.8342469,3,0.75,1,21.05607113,121.0652026,129.4514649,129.1651179,,,,,,,,,,,,,,,,,,,,,,,,,,,,,,,,,,,,,,,,,,,,,,,,,,,,,,,,,,,,,,,,,,,,,,,,,,,,,,,,,,,,,,,,,,,,,,,,,,,,,,,,,,,,,,,,,,,,,,,,,,,,,,,,,,,,,,,,,,,,,,,,,,,,,,,,,,,,,,,,,,,,,,,,,,,,,,,,,,,,,,,,,,,,,,,,,,,,,,,,,,,,,,,,,,,,,,,,,,,,
375,hardware_time,-19.8,2,144.6682771,511,170,1.23569311,36.64588606,98.83437264,100.5747071,2,0.75,1,12.21529537,122.1040648,131.2808323,130.6047717,511,170,1.23569311,34.82055522,63.92512622,63.92454827,6,0.75,1,16.00916866,74.67319321,77.1149528,76.37680012,,,,,,,,,,,,,,,,,,,,,,,,,,,,,,,,,,,,,,,,,,,,,,,,,,,,,,,,,,,,,,,,,,,,,,,,,,,,,,,,,,,,,,,,,,,,,,,,,,,,,,,,,,,,,,,,,,,,,,,,,,,,,,,,,,,,,,,,,,,,,,,,,,,,,,,,,,,,,,,,,,,,,,,,,,,,,,,,,,,,,,,,,,,,,,,,,,,,,,,,,,,,,,,
375,hardware_time,-19.8,3,143.2861677,511,170,1.293288976,26.08937321,98.83437264,100.3698363,2,0.75,1,8.696460497,116.8233052,131.0209281,133.462689,511,170,1.293288976,22.27852376,74.00612127,74.28046311,2,0.75,1,13.36711212,90.08867886,92.43049551,92.26522683,511,170,1.293288976,27.47433527,49.23595896,52.00193935,8,0.75,1,9.187271631,57.61383216,59.32438062,59.88449929,,,,,,,,,,,,,,,,,,,,,,,,,,,,,,,,,,,,,,,,,,,,,,,,,,,,,,,,,,,,,,,,,,,,,,,,,,,,,,,,,,,,,,,,,,,,,,,,,,,,,,,,,,,,,,,,,,,,,,,,,,,,,,,,,,,,,,,,,,,,,,,,,,,,,,,,,,,,,,,,,,,,,,,,,,,,,,,,,,,,,,,,,,,,,,,,,,
586,hardware_time,-19.8,1,226.7837657,1023,341,1.172861257,73.4750164,143.5996513,143.8415773,2,0.75,1,28.75109337,185.272618,196.7923014,197.238295,,,,,,,,,,,,,,,,,,,,,,,,,,,,,,,,,,,,,,,,,,,,,,,,,,,,,,,,,,,,,,,,,,,,,,,,,,,,,,,,,,,,,,,,,,,,,,,,,,,,,,,,,,,,,,,,,,,,,,,,,,,,,,,,,,,,,,,,,,,,,,,,,,,,,,,,,,,,,,,,,,,,,,,,,,,,,,,,,,,,,,,,,,,,,,,,,,,,,,,,,,,,,,,,,,,,,,,,,,,,
586,hardware_time,-19.8,2,216.4782133,1023,341,1.246165086,49.569826,143.5996513,143.599371,2,0.75,1,19.304771,173.3146827,196.5992668,194.5666605,1023,341,1.246165086,49.49143451,94.02720858,94.0271289,3,0.75,1,22.03414936,115.4533616,122.2407543,121.5976531,,,,,,,,,,,,,,,,,,,,,,,,,,,,,,,,,,,,,,,,,,,,,,,,,,,,,,,,,,,,,,,,,,,,,,,,,,,,,,,,,,,,,,,,,,,,,,,,,,,,,,,,,,,,,,,,,,,,,,,,,,,,,,,,,,,,,,,,,,,,,,,,,,,,,,,,,,,,,,,,,,,,,,,,,,,,,,,,,,,,,,,,,,,,,,,,,,,,,,,,,,,,,,,
586,hardware_time,-19.8,3,212.81523,1023,341,1.282817,39.62413901,143.5996513,143.5994006,2,0.75,1,15.42095964,168.3400151,196.599289,195.1552131,1023,341,1.282817,38.92102024,103.9729252,103.3314135,2,0.75,1,17.69137284,128.3614901,136.7570378,135.9140466,1023,341,1.282817,39.5000243,64.40805304,64.40740527,7,0.75,1,18.94324251,74.97761547,77.83523282,72.35339261,,,,,,,,,,,,,,,,,,,,,,,,,,,,,,,,,,,,,,,,,,,,,,,,,,,,,,,,,,,,,,,,,,,,,,,,,,,,,,,,,,,,,,,,,,,,,,,,,,,,,,,,,,,,,,,,,,,,,,,,,,,,,,,,,,,,,,,,,,,,,,,,,,,,,,,,,,,,,,,,,,,,,,,,,,,,,,,,,,,,,,,,,,,,,,,,,,
829,hardware_time,-19.8,1,312.6438667,1023,341,1.178097245,99.37403929,194.7534373,194.7534342,2,0.75,1,38.76891792,249.3995984,273.3301536,272.2061321,,,,,,,,,,,,,,,,,,,,,,,,,,,,,,,,,,,,,,,,,,,,,,,,,,,,,,,,,,,,,,,,,,,,,,,,,,,,,,,,,,,,,,,,,,,,,,,,,,,,,,,,,,,,,,,,,,,,,,,,,,,,,,,,,,,,,,,,,,,,,,,,,,,,,,,,,,,,,,,,,,,,,,,,,,,,,,,,,,,,,,,,,,,,,,,,,,,,,,,,,,,,,,,,,,,,,,,,,,,,
829,hardware_time,-19.8,2,298.974703,1023,341,1.251401074,66.5122504,194.7534373,194.7533638,2,0.75,1,25.45059359,232.9623313,273.3301008,269.533618,1023,341,1.251401074,66.43618829,128.2394368,128.2390275,2,0.75,1,29.00252974,166.4102312,173.5588482,172.1185229,,,,,,,,,,,,,,,,,,,,,,,,,,,,,,,,,,,,,,,,,,,,,,,,,,,,,,,,,,,,,,,,,,,,,,,,,,,,,,,,,,,,,,,,,,,,,,,,,,,,,,,,,,,,,,,,,,,,,,,,,,,,,,,,,,,,,,,,,,,,,,,,,,,,,,,,,,,,,,,,,,,,,,,,,,,,,,,,,,,,,,,,,,,,,,,,,,,,,,,,,,,,,,,
829,hardware_time,-19.8,3,292.4374179,1023,341,1.298524963,49.13451385,194.7534373,194.7530959,2,0.75,1,18.76026238,224.2708213,273.3298999,270.4523123,1023,341,1.298524963,48.87687141,145.6169054,145.6167473,2,0.75,1,20.75098336,175.0053738,199.6252395,198.5059244,1023,341,1.298524963,49.22937381,96.53536646,96.73987587,3,0.75,1,22.37699016,117.8944937,126.1645704,126.3303913,,,,,,,,,,,,,,,,,,,,,,,,,,,,,,,,,,,,,,,,,,,,,,,,,,,,,,,,,,,,,,,,,,,,,,,,,,,,,,,,,,,,,,,,,,,,,,,,,,,,,,,,,,,,,,,,,,,,,,,,,,,,,,,,,,,,,,,,,,,,,,,,,,,,,,,,,,,,,,,,,,,,,,,,,,,,,,,,,,,,,,,,,,,,,,,,,,
394,hardware_time,-19.8,1,158.1576016,511,170,1.157153294,54.29402257,102.880855,102.8805479,3,0.75,1,21.99863086,125.9312379,135.5210522,134.6710523,,,,,,,,,,,,,,,,,,,,,,,,,,,,,,,,,,,,,,,,,,,,,,,,,,,,,,,,,,,,,,,,,,,,,,,,,,,,,,,,,,,,,,,,,,,,,,,,,,,,,,,,,,,,,,,,,,,,,,,,,,,,,,,,,,,,,,,,,,,,,,,,,,,,,,,,,,,,,,,,,,,,,,,,,,,,,,,,,,,,,,,,,,,,,,,,,,,,,,,,,,,,,,,,,,,,,,,,,,,,
394,hardware_time,-19.8,2,151.0767252,511,170,1.240929098,37.19588449,102.880855,104.6505941,2,0.75,1,12.39862817,126.4281931,137.3885376,136.9186404,511,170,1.240929098,35.42083288,67.41474342,67.45470959,5,0.75,1,16.10038255,79.44640768,82.36111411,82.69960785,,,,,,,,,,,,,,,,,,,,,,,,,,,,,,,,,,,,,,,,,,,,,,,,,,,,,,,,,,,,,,,,,,,,,,,,,,,,,,,,,,,,,,,,,,,,,,,,,,,,,,,,,,,,,,,,,,,,,,,,,,,,,,,,,,,,,,,,,,,,,,,,,,,,,,,,,,,,,,,,,,,,,,,,,,,,,,,,,,,,,,,,,,,,,,,,,,,,,,,,,,,,,,,
394,hardware_time,-19.8,3,149.4316956,511,170,1.293288976,27.22120957,102.880855,104.4103447,2,0.75,1,9.073736312,121.4385744,137.0832041,139.200615,511,170,1.293288976,23.24859617,76.94975073,77.18913512,2,0.75,1,13.94915603,93.52021883,96.8156599,96.10122077,511,170,1.293288976,28.67543284,51.07665284,53.94053895,8,0.75,1,9.579747069,59.60749556,61.82377821,62.42326765,,,,,,,,,,,,,,,,,,,,,,,,,,,,,,,,,,,,,,,,,,,,,,,,,,,,,,,,,,,,,,,,,,,,,,,,,,,,,,,,,,,,,,,,,,,,,,,,,,,,,,,,,,,,,,,,,,,,,,,,,,,,,,,,,,,,,,,,,,,,,,,,,,,,,,,,,,,,,,,,,,,,,,,,,,,,,,,,,,,,,,,,,,,,,,,,,,
587,hardware_time,-19.8,1,227.1351662,1023,341,1.172861257,73.59253336,143.8107215,144.0515806,2,0.75,1,28.79707827,185.5425828,197.1080066,197.5361192,,,,,,,,,,,,,,,,,,,,,,,,,,,,,,,,,,,,,,,,,,,,,,,,,,,,,,,,,,,,,,,,,,,,,,,,,,,,,,,,,,,,,,,,,,,,,,,,,,,,,,,,,,,,,,,,,,,,,,,,,,,,,,,,,,,,,,,,,,,,,,,,,,,,,,,,,,,,,,,,,,,,,,,,,,,,,,,,,,,,,,,,,,,,,,,,,,,,,,,,,,,,,,,,,,,,,,,,,,,,
587,hardware_time,-19.8,2,216.8195136,1023,341,1.246165086,49.64819654,143.8107215,143.8102217,2,0.75,1,19.33382959,173.5650691,196.9157074,194.8702742,1023,341,1.246165086,49.56995606,94.15969246,94.15954228,3,0.75,1,22.06752829,115.6121493,122.4394272,121.7792854,,,,,,,,,,,,,,,,,,,,,,,,,,,,,,,,,,,,,,,,,,,,,,,,,,,,,,,,,,,,,,,,,,,,,,,,,,,,,,,,,,,,,,,,,,,,,,,,,,,,,,,,,,,,,,,,,,,,,,,,,,,,,,,,,,,,,,,,,,,,,,,,,,,,,,,,,,,,,,,,,,,,,,,,,,,,,,,,,,,,,,,,,,,,,,,,,,,,,,,,,,,,,,,
587,hardware_time,-19.8,3,213.1502998,1023,341,1.282817,39.68568105,143.8107215,143.810157,2,0.75,1,15.44374204,168.5819856,196.9156589,195.4619277,1023,341,1.282817,38.98080792,104.1221432,103.4785615,2,0.75,1,17.71854906,128.5407316,136.9798125,136.1278461,1023,341,1.282817,39.56177775,64.4954171,64.494663,7,0.75,1,18.97138122,75.0739297,77.96553102,72.4614885,,,,,,,,,,,,,,,,,,,,,,,,,,,,,,,,,,,,,,,,,,,,,,,,,,,,,,,,,,,,,,,,,,,,,,,,,,,,,,,,,,,,,,,,,,,,,,,,,,,,,,,,,,,,,,,,,,,,,,,,,,,,,,,,,,,,,,,,,,,,,,,,,,,,,,,,,,,,,,,,,,,,,,,,,,,,,,,,,,,,,,,,,,,,,,,,,,
818,hardware_time,-19.8,1,308.7487348,1023,341,1.178097245,98.10771201,192.4426073,192.4422438,2,0.75,1,38.29224374,246.4547859,269.8636383,268.8871805,,,,,,,,,,,,,,,,,,,,,,,,,,,,,,,,,,,,,,,,,,,,,,,,,,,,,,,,,,,,,,,,,,,,,,,,,,,,,,,,,,,,,,,,,,,,,,,,,,,,,,,,,,,,,,,,,,,,,,,,,,,,,,,,,,,,,,,,,,,,,,,,,,,,,,,,,,,,,,,,,,,,,,,,,,,,,,,,,,,,,,,,,,,,,,,,,,,,,,,,,,,,,,,,,,,,,,,,,,,,
818,hardware_time,-19.8,2,295.2183232,1023,341,1.251401074,65.67889048,192.4426073,192.4422195,2,0.75,1,25.14704201,230.2340598,269.8636201,266.1722324,1023,341,1.251401074,65.60291598,126.7616306,126.7610059,2,0.75,1,28.65322971,164.5150256,171.3419775,170.0328975,,,,,,,,,,,,,,,,,,,,,,,,,,,,,,,,,,,,,,,,,,,,,,,,,,,,,,,,,,,,,,,,,,,,,,,,,,,,,,,,,,,,,,,,,,,,,,,,,,,,,,,,,,,,,,,,,,,,,,,,,,,,,,,,,,,,,,,,,,,,,,,,,,,,,,,,,,,,,,,,,,,,,,,,,,,,,,,,,,,,,,,,,,,,,,,,,,,,,,,,,,,,,,,
818,hardware_time,-19.8,3,289.3419519,1023,341,1.293288976,50.29592835,192.4426073,192.4421561,2,0.75,1,19.21323342,222.5402046,269.8635726,266.5542675,1023,341,1.293288976,50.23877735,142.1445294,142.1440645,2,0.75,1,21.12674801,172.2134827,194.4164454,192.7763011,1023,341,1.293288976,50.18189446,91.9035868,91.90337747,3,0.75,1,23.3148323,113.5796587,119.0552257,115.7420629,,,,,,,,,,,,,,,,,,,,,,,,,,,,,,,,,,,,,,,,,,,,,,,,,,,,,,,,,,,,,,,,,,,,,,,,,,,,,,,,,,,,,,,,,,,,,,,,,,,,,,,,,,,,,,,,,,,,,,,,,,,,,,,,,,,,,,,,,,,,,,,,,,,,,,,,,,,,,,,,,,,,,,,,,,,,,,,,,,,,,,,,,,,,,,,,,,
586,hardware_time,-12.8,1,230.8305117,1023,341,1.188569221,67.72786474,143.5996513,143.5991185,2,0.75,1,26.67857867,182.3976356,203.5990774,202.5005291,,,,,,,,,,,,,,,,,,,,,,,,,,,,,,,,,,,,,,,,,,,,,,,,,,,,,,,,,,,,,,,,,,,,,,,,,,,,,,,,,,,,,,,,,,,,,,,,,,,,,,,,,,,,,,,,,,,,,,,,,,,,,,,,,,,,,,,,,,,,,,,,,,,,,,,,,,,,,,,,,,,,,,,,,,,,,,,,,,,,,,,,,,,,,,,,,,,,,,,,,,,,,,,,,,,,,,,,,,,,
586,hardware_time,-12.8,2,221.6784379,1023,341,1.261873049,45.1570929,143.5996513,143.5995377,2,0.75,1,17.56896137,171.1074779,203.5993918,201.3619832,1023,341,1.261873049,45.08563875,98.44010837,98.43970005,2,0.75,1,19.76943755,125.9120772,135.8598563,134.8285912,,,,,,,,,,,,,,,,,,,,,,,,,,,,,,,,,,,,,,,,,,,,,,,,,,,,,,,,,,,,,,,,,,,,,,,,,,,,,,,,,,,,,,,,,,,,,,,,,,,,,,,,,,,,,,,,,,,,,,,,,,,,,,,,,,,,,,,,,,,,,,,,,,,,,,,,,,,,,,,,,,,,,,,,,,,,,,,,,,,,,,,,,,,,,,,,,,,,,,,,,,,,,,,
586,hardware_time,-12.8,3,218.2158776,1023,341,1.298524963,35.73438768,143.5996513,143.5992766,2,0.75,1,13.92819673,166.3944898,203.5991959,201.889833,1023,341,1.298524963,35.67872109,107.8625524,107.8618442,2,0.75,1,15.21455474,130.6294284,149.9932976,148.8865056,1023,341,1.298524963,35.62367819,72.18078286,72.18036682,3,0.75,1,16.67451948,88.98221928,96.4708764,91.77656548,,,,,,,,,,,,,,,,,,,,,,,,,,,,,,,,,,,,,,,,,,,,,,,,,,,,,,,,,,,,,,,,,,,,,,,,,,,,,,,,,,,,,,,,,,,,,,,,,,,,,,,,,,,,,,,,,,,,,,,,,,,,,,,,,,,,,,,,,,,,,,,,,,,,,,,,,,,,,,,,,,,,,,,,,,,,,,,,,,,,,,,,,,,,,,,,,,
829,hardware_time,-12.8,1,316.6968998,1023,341,1.193805208,91.71778962,194.7534373,194.7525906,2,0.75,1,35.58283113,245.5698287,280.3295211,279.8606945,,,,,,,,,,,,,,,,,,,,,,,,,,,,,,,,,,,,,,,,,,,,,,,,,,,,,,,,,,,,,,,,,,,,,,,,,,,,,,,,,,,,,,,,,,,,,,,,,,,,,,,,,,,,,,,,,,,,,,,,,,,,,,,,,,,,,,,,,,,,,,,,,,,,,,,,,,,,,,,,,,,,,,,,,,,,,,,,,,,,,,,,,,,,,,,,,,,,,,,,,,,,,,,,,,,,,,,,,,,,
829,hardware_time,-12.8,2,303.7928444,1023,341,1.267109037,60.40071908,194.7534373,194.7531666,2,0.75,1,23.07242128,229.9055789,280.3299529,277.6441068,1023,341,1.267109037,59.3010035,134.3507709,133.3192111,2,0.75,1,26.95500159,168.9528265,189.1506919,189.4140749,,,,,,,,,,,,,,,,,,,,,,,,,,,,,,,,,,,,,,,,,,,,,,,,,,,,,,,,,,,,,,,,,,,,,,,,,,,,,,,,,,,,,,,,,,,,,,,,,,,,,,,,,,,,,,,,,,,,,,,,,,,,,,,,,,,,,,,,,,,,,,,,,,,,,,,,,,,,,,,,,,,,,,,,,,,,,,,,,,,,,,,,,,,,,,,,,,,,,,,,,,,,,,,
829,hardware_time,-12.8,3,298.1159335,1023,341,1.308996939,45.6591331,194.7534373,194.7533673,2,0.75,1,17.44728331,222.5326635,280.3301034,277.411346,1023,341,1.308996939,45.60791193,149.0925575,149.0921262,2,0.75,1,18.96380308,176.8461068,211.8385129,210.7365039,1023,341,1.308996939,45.53073784,103.4825357,103.4557911,2,0.75,1,20.69579,131.197428,143.4038846,143.4608578,,,,,,,,,,,,,,,,,,,,,,,,,,,,,,,,,,,,,,,,,,,,,,,,,,,,,,,,,,,,,,,,,,,,,,,,,,,,,,,,,,,,,,,,,,,,,,,,,,,,,,,,,,,,,,,,,,,,,,,,,,,,,,,,,,,,,,,,,,,,,,,,,,,,,,,,,,,,,,,,,,,,,,,,,,,,,,,,,,,,,,,,,,,,,,,,,,
587,hardware_time,-12.8,1,231.1855058,1023,341,1.188569221,67.83715092,143.8107215,143.8102106,2,0.75,1,26.71961626,182.6634839,203.9156991,202.8087617,,,,,,,,,,,,,,,,,,,,,,,,,,,,,,,,,,,,,,,,,,,,,,,,,,,,,,,,,,,,,,,,,,,,,,,,,,,,,,,,,,,,,,,,,,,,,,,,,,,,,,,,,,,,,,,,,,,,,,,,,,,,,,,,,,,,,,,,,,,,,,,,,,,,,,,,,,,,,,,,,,,,,,,,,,,,,,,,,,,,,,,,,,,,,,,,,,,,,,,,,,,,,,,,,,,,,,,,,,,,
587,hardware_time,-12.8,2,222.018718,1023,341,1.261873049,45.22798488,143.8107215,143.8103425,2,0.75,1,17.59521126,171.3541242,203.915798,201.6703961,1023,341,1.261873049,45.1566551,98.58002491,98.57947355,2,0.75,1,19.7991515,126.0876325,136.0696239,135.0324489,,,,,,,,,,,,,,,,,,,,,,,,,,,,,,,,,,,,,,,,,,,,,,,,,,,,,,,,,,,,,,,,,,,,,,,,,,,,,,,,,,,,,,,,,,,,,,,,,,,,,,,,,,,,,,,,,,,,,,,,,,,,,,,,,,,,,,,,,,,,,,,,,,,,,,,,,,,,,,,,,,,,,,,,,,,,,,,,,,,,,,,,,,,,,,,,,,,,,,,,,,,,,,,
587,hardware_time,-12.8,3,218.5497754,1023,341,1.298524963,35.7893788,143.8107215,143.8100067,2,0.75,1,13.9485759,166.6331844,203.9155462,202.1987098,1023,341,1.298524963,35.73456725,108.0182952,108.0181001,2,0.75,1,15.23615053,130.8132236,150.2272965,149.1169531,1023,341,1.298524963,35.67883964,72.28119633,72.28060668,3,0.75,1,16.69916098,89.10114886,96.62136597,91.91720325,,,,,,,,,,,,,,,,,,,,,,,,,,,,,,,,,,,,,,,,,,,,,,,,,,,,,,,,,,,,,,,,,,,,,,,,,,,,,,,,,,,,,,,,,,,,,,,,,,,,,,,,,,,,,,,,,,,,,,,,,,,,,,,,,,,,,,,,,,,,,,,,,,,,,,,,,,,,,,,,,,,,,,,,,,,,,,,,,,,,,,,,,,,,,,,,,,
818,hardware_time,-12.8,1,312.8148786,1023,341,1.193805208,90.5531731,192.4426073,192.4421278,2,0.75,1,35.14697945,242.6758872,276.8635513,276.4414875,,,,,,,,,,,,,,,,,,,,,,,,,,,,,,,,,,,,,,,,,,,,,,,,,,,,,,,,,,,,,,,,,,,,,,,,,,,,,,,,,,,,,,,,,,,,,,,,,,,,,,,,,,,,,,,,,,,,,,,,,,,,,,,,,,,,,,,,,,,,,,,,,,,,,,,,,,,,,,,,,,,,,,,,,,,,,,,,,,,,,,,,,,,,,,,,,,,,,,,,,,,,,,,,,,,,,,,,,,,,
818,hardware_time,-12.8,2,300.0695647,1023,341,1.267109037,59.64771712,192.4426073,192.4420816,2,0.75,1,22.79956083,227.2174944,276.8635167,274.2440444,1023,341,1.267109037,58.57061107,132.7926662,131.7834721,2,0.75,1,26.62300503,167.028773,186.8221614,187.1101349,,,,,,,,,,,,,,,,,,,,,,,,,,,,,,,,,,,,,,,,,,,,,,,,,,,,,,,,,,,,,,,,,,,,,,,,,,,,,,,,,,,,,,,,,,,,,,,,,,,,,,,,,,,,,,,,,,,,,,,,,,,,,,,,,,,,,,,,,,,,,,,,,,,,,,,,,,,,,,,,,,,,,,,,,,,,,,,,,,,,,,,,,,,,,,,,,,,,,,,,,,,,,,,
818,hardware_time,-12.8,3,295.024114,1023,341,1.303760951,46.79706167,192.4426073,192.4420036,2,0.75,1,17.88756562,220.7902874,276.8634582,273.6008396,1023,341,1.303760951,46.74465256,145.6432436,145.6431479,2,0.75,1,19.51375666,173.9646511,206.6647936,204.7823668,1023,341,1.303760951,46.69180116,98.89679502,98.89676624,2,0.75,1,21.35342681,127.1917086,136.5451709,133.2189338,,,,,,,,,,,,,,,,,,,,,,,,,,,,,,,,,,,,,,,,,,,,,,,,,,,,,,,,,,,,,,,,,,,,,,,,,,,,,,,,,,,,,,,,,,,,,,,,,,,,,,,,,,,,,,,,,,,,,,,,,,,,,,,,,,,,,,,,,,,,,,,,,,,,,,,,,,,,,,,,,,,,,,,,,,,,,,,,,,,,,,,,,,,,,,,,,,
375,hardware_time,-12.8,1,155.3522387,511,170,1.18855104,44.97970066,98.83437264,99.19621856,2,0.75,1,17.60075243,126.2732392,136.7483193,136.7536369,,,,,,,,,,,,,,,,,,,,,,,,,,,,,,,,,,,,,,,,,,,,,,,,,,,,,,,,,,,,,,,,,,,,,,,,,,,,,,,,,,,,,,,,,,,,,,,,,,,,,,,,,,,,,,,,,,,,,,,,,,,,,,,,,,,,,,,,,,,,,,,,,,,,,,,,,,,,,,,,,,,,,,,,,,,,,,,,,,,,,,,,,,,,,,,,,,,,,,,,,,,,,,,,,,,,,,,,,,,,
375,hardware_time,-12.8,2,150.0345229,511,170,1.267927444,30.47650271,98.83437264,100.2841135,2,0.75,1,10.15883395,119.01786,137.914826,138.4473652,511,170,1.243464059,33.3519261,69.80391603,69.80387757,3,0.75,1,14.91571502,85.86631184,92.9058763,89.60411886,,,,,,,,,,,,,,,,,,,,,,,,,,,,,,,,,,,,,,,,,,,,,,,,,,,,,,,,,,,,,,,,,,,,,,,,,,,,,,,,,,,,,,,,,,,,,,,,,,,,,,,,,,,,,,,,,,,,,,,,,,,,,,,,,,,,,,,,,,,,,,,,,,,,,,,,,,,,,,,,,,,,,,,,,,,,,,,,,,,,,,,,,,,,,,,,,,,,,,,,,,,,,,,
375,hardware_time,-12.8,3,147.4161948,511,170,1.30879809,23.60199471,98.83437264,100.0013302,2,0.75,1,7.867337948,115.5790865,137.5774095,138.1241747,511,170,1.289761265,25.32749906,76.39564075,76.39563398,2,0.75,1,11.00925526,94.00332523,102.7934595,101.1592908,511,170,1.31642021,21.21193047,51.06443066,51.06414186,4,0.75,1,10.19145725,61.30993609,64.8114019,64.27203327,,,,,,,,,,,,,,,,,,,,,,,,,,,,,,,,,,,,,,,,,,,,,,,,,,,,,,,,,,,,,,,,,,,,,,,,,,,,,,,,,,,,,,,,,,,,,,,,,,,,,,,,,,,,,,,,,,,,,,,,,,,,,,,,,,,,,,,,,,,,,,,,,,,,,,,,,,,,,,,,,,,,,,,,,,,,,,,,,,,,,,,,,,,,,,,,,,
394,hardware_time,-12.8,1,162.1473329,511,170,1.187692516,46.90466072,102.880855,102.8808178,2,0.75,1,18.83760191,131.2851378,142.5212546,142.0609541,,,,,,,,,,,,,,,,,,,,,,,,,,,,,,,,,,,,,,,,,,,,,,,,,,,,,,,,,,,,,,,,,,,,,,,,,,,,,,,,,,,,,,,,,,,,,,,,,,,,,,,,,,,,,,,,,,,,,,,,,,,,,,,,,,,,,,,,,,,,,,,,,,,,,,,,,,,,,,,,,,,,,,,,,,,,,,,,,,,,,,,,,,,,,,,,,,,,,,,,,,,,,,,,,,,,,,,,,,,,
394,hardware_time,-12.8,2,156.5644049,511,170,1.266871057,32.02399531,102.880855,104.375026,2,0.75,1,10.67466494,123.8410219,144.0393359,144.4211789,511,170,1.24362623,34.8494382,72.34750739,72.34692915,3,0.75,1,15.5609445,88.91196457,96.72084082,93.05544583,,,,,,,,,,,,,,,,,,,,,,,,,,,,,,,,,,,,,,,,,,,,,,,,,,,,,,,,,,,,,,,,,,,,,,,,,,,,,,,,,,,,,,,,,,,,,,,,,,,,,,,,,,,,,,,,,,,,,,,,,,,,,,,,,,,,,,,,,,,,,,,,,,,,,,,,,,,,,,,,,,,,,,,,,,,,,,,,,,,,,,,,,,,,,,,,,,,,,,,,,,,,,,,
394,hardware_time,-12.8,3,153.7876688,511,170,1.310360477,24.35836682,102.880855,104.0636157,2,0.75,1,8.119458322,120.0065633,143.6654409,144.254095,511,170,1.289593014,26.48641302,79.70172557,79.7014802,2,0.75,1,11.46565049,97.89176041,107.7524055,106.0117827,511,170,1.316263459,22.1660095,53.21153522,53.21138945,3,0.75,1,10.60349614,65.5457382,68.02462603,67.47485065,,,,,,,,,,,,,,,,,,,,,,,,,,,,,,,,,,,,,,,,,,,,,,,,,,,,,,,,,,,,,,,,,,,,,,,,,,,,,,,,,,,,,,,,,,,,,,,,,,,,,,,,,,,,,,,,,,,,,,,,,,,,,,,,,,,,,,,,,,,,,,,,,,,,,,,,,,,,,,,,,,,,,,,,,,,,,,,,,,,,,,,,,,,,,,,,,,
100,hardware_time,-12.8,1,55.29251788,127,42,1.162389282,16.90344647,38.92854239,40.19375205,6,0.75,1,5.634539417,46.69867909,48.31177883,48.59335237,,,,,,,,,,,,,,,,,,,,,,,,,,,,,,,,,,,,,,,,,,,,,,,,,,,,,,,,,,,,,,,,,,,,,,,,,,,,,,,,,,,,,,,,,,,,,,,,,,,,,,,,,,,,,,,,,,,,,,,,,,,,,,,,,,,,,,,,,,,,,,,,,,,,,,,,,,,,,,,,,,,,,,,,,,,,,,,,,,,,,,,,,,,,,,,,,,,,,,,,,,,,,,,,,,,,,,,,,,,,
300,hardware_time,-12.8,3,122.9231324,511,170,1.303760951,18.54245758,82.80473907,83.78077061,2,0.75,1,8.428347634,97.00473878,113.3173858,112.6527252,511,170,1.303760951,20.66639566,63.65889362,65.23831304,2,0.75,1,6.8888329,78.9211466,85.31290076,85.76829228,511,170,1.303760951,19.03186002,44.56732965,44.56651645,6,0.75,1,9.214206642,52.6672443,55.17012709,54.07463976,,,,,,,,,,,,,,,,,,,,,,,,,,,,,,,,,,,,,,,,,,,,,,,,,,,,,,,,,,,,,,,,,,,,,,,,,,,,,,,,,,,,,,,,,,,,,,,,,,,,,,,,,,,,,,,,,,,,,,,,,,,,,,,,,,,,,,,,,,,,,,,,,,,,,,,,,,,,,,,,,,,,,,,,,,,,,,,,,,,,,,,,,,,,,,,,,,
500,hardware_time,-12.8,5,190.1913752,511,170,1.366592804,13.10639936,125.3794286,119.8039723,2,0.75,1,13.10635918,136.8886959,175.2735176,175.6012433,511,170,1.366592804,13.2629757,106.6947742,101.30752,2,0.75,1,13.26305731,118.282263,147.2474797,147.81148,511,170,1.366592804,13.43136701,88.04174007,82.8545055,2,0.75,1,13.43136121,99.71335918,119.2691553,119.6476535,511,170,1.366592804,13.61263816,69.42032878,66.59989263,2,0.75,1,13.61265625,81.18251962,91.40540044,90.77695071,511,170,1.366592804,20.71204918,50.83054279,52.98725447,3,0.75,1,8.723612635,62.69114818,66.83528417,67.82535075,,,,,,,,,,,,,,,,,,,,,,,,,,,,,,,,,,,,,,,,,,,,,,,,,,,,,,,,,,,,,,,,,,,,,,,,,,,,,,,,,,,,,,,,,,,,,,,,,,,,,,,,,,,,,,,,,,,,,,,,,,,,,,,,,,,,,,,,,,,,,,,,,,,,,,,,,,,,,,,,,,,,,,,,
800,hardware_time,-12.8,2,293.9769381,1023,341,1.267109037,58.41567476,188.6604456,188.6599158,2,0.75,1,22.35247776,222.8180368,271.1902711,268.6804358,1023,341,1.267109037,57.37511643,130.242506,129.2698745,2,0.75,1,26.07959838,163.8795922,183.0113471,183.3402687,,,,,,,,,,,,,,,,,,,,,,,,,,,,,,,,,,,,,,,,,,,,,,,,,,,,,,,,,,,,,,,,,,,,,,,,,,,,,,,,,,,,,,,,,,,,,,,,,,,,,,,,,,,,,,,,,,,,,,,,,,,,,,,,,,,,,,,,,,,,,,,,,,,,,,,,,,,,,,,,,,,,,,,,,,,,,,,,,,,,,,,,,,,,,,,,,,,,,,,,,,,,,,,
100,hardware_time,-12.8,2,56.06326018,127,42,1.293288976,6.14974712,38.92854239,37.52851296,6,0.75,1,6.136465331,44.90042871,46.56487418,48.71940413,127,42,1.293288976,9.379378367,30.42579523,31.37876584,6,0.75,1,3.149623179,36.93829261,37.6195299,38.51466852,,,,,,,,,,,,,,,,,,,,,,,,,,,,,,,,,,,,,,,,,,,,,,,,,,,,,,,,,,,,,,,,,,,,,,,,,,,,,,,,,,,,,,,,,,,,,,,,,,,,,,,,,,,,,,,,,,,,,,,,,,,,,,,,,,,,,,,,,,,,,,,,,,,,,,,,,,,,,,,,,,,,,,,,,,,,,,,,,,,,,,,,,,,,,,,,,,,,,,,,,,,,,,,
300,hardware_time,-12.8,4,123.924429,511,170,1.350884841,9.805743872,82.80473907,78.76866167,2,0.75,1,9.806725392,92.6344916,111.4286595,112.8746133,511,170,1.350884841,9.933690655,68.95834462,65.08754965,2,0.75,1,9.934985608,78.85185771,90.66311549,91.84679564,511,170,1.350884841,10.07414146,55.14927127,53.06099188,2,0.75,1,10.07359849,65.11279814,70.08404138,70.31321237,511,170,1.350884841,15.33911929,41.37752556,42.98685042,4,0.75,1,5.329133297,50.13952072,52.14233345,54.61748266,,,,,,,,,,,,,,,,,,,,,,,,,,,,,,,,,,,,,,,,,,,,,,,,,,,,,,,,,,,,,,,,,,,,,,,,,,,,,,,,,,,,,,,,,,,,,,,,,,,,,,,,,,,,,,,,,,,,,,,,,,,,,,,,,,,,,,,,,,,,,,,,,,,,,,,,,,,,,,,,,,,,,,,,,,,,,,,,,,,,,
600,hardware_time,-12.8,1,235.8007044,1023,341,1.188569221,69.25732455,146.5541108,146.5535194,2,0.75,1,27.25333412,186.1186774,208.0307228,206.8152326,,,,,,,,,,,,,,,,,,,,,,,,,,,,,,,,,,,,,,,,,,,,,,,,,,,,,,,,,,,,,,,,,,,,,,,,,,,,,,,,,,,,,,,,,,,,,,,,,,,,,,,,,,,,,,,,,,,,,,,,,,,,,,,,,,,,,,,,,,,,,,,,,,,,,,,,,,,,,,,,,,,,,,,,,,,,,,,,,,,,,,,,,,,,,,,,,,,,,,,,,,,,,,,,,,,,,,,,,,,,
800,hardware_time,-12.8,3,289.0307762,1023,341,1.303760951,45.84472968,188.6604456,188.6601777,2,0.75,1,17.54494064,216.5307086,271.1904675,268.0524895,1023,341,1.303760951,45.79110208,142.8137129,142.8127533,2,0.75,1,19.1381622,170.6570909,202.4198498,200.6060812,1023,341,1.303760951,45.73886186,97.01991403,97.01965122,2,0.75,1,20.93837993,124.8371008,133.729674,130.4795512,,,,,,,,,,,,,,,,,,,,,,,,,,,,,,,,,,,,,,,,,,,,,,,,,,,,,,,,,,,,,,,,,,,,,,,,,,,,,,,,,,,,,,,,,,,,,,,,,,,,,,,,,,,,,,,,,,,,,,,,,,,,,,,,,,,,,,,,,,,,,,,,,,,,,,,,,,,,,,,,,,,,,,,,,,,,,,,,,,,,,,,,,,,,,,,,,,
100,hardware_time,-12.8,3,57.32249614,127,42,1.361356817,4.169925001,38.92854239,37.34011919,6,0.75,1,4.249572191,44.56976382,46.51534038,52.05184773,127,42,1.361356817,4.247927513,33.15625078,32.37812617,6,0.75,1,4.236126419,38.81001209,39.68230807,42.47029932,127,42,1.361356817,6.392317423,27.42127632,28.13019865,6,0.75,1,2.277738941,33.43422826,34.17399609,35.03254174,,,,,,,,,,,,,,,,,,,,,,,,,,,,,,,,,,,,,,,,,,,,,,,,,,,,,,,,,,,,,,,,,,,,,,,,,,,,,,,,,,,,,,,,,,,,,,,,,,,,,,,,,,,,,,,,,,,,,,,,,,,,,,,,,,,,,,,,,,,,,,,,,,,,,,,,,,,,,,,,,,,,,,,,,,,,,,,,,,,,,,,,,,,,,,,,,,
300,hardware_time,-12.8,5,125.6238531,511,170,1.382300768,7.727920455,82.80473907,79.69021382,2,0.75,1,7.726148276,91.59518702,111.4626282,116.8809344,511,170,1.382300768,7.794415866,71.95772019,68.93757116,2,0.75,1,7.79331425,80.78118909,95.19772016,100.3394086,511,170,1.382300768,7.864186145,61.13856757,58.2160759,2,0.75,1,7.865863375,69.99669404,78.97594603,83.65111184,511,170,1.382300768,7.942514505,50.34728739,47.53101745,2,0.75,1,7.941722159,59.24435065,62.81645253,66.79640991,511,170,1.382300768,8.022367813,39.58388586,36.87536893,8,0.75,1,8.83495926,45.51219558,47.21154438,49.72054435,,,,,,,,,,,,,,,,,,,,,,,,,,,,,,,,,,,,,,,,,,,,,,,,,,,,,,,,,,,,,,,,,,,,,,,,,,,,,,,,,,,,,,,,,,,,,,,,,,,,,,,,,,,,,,,,,,,,,,,,,,,,,,,,,,,,,,,,,,,,,,,,,,,,,,,,,,,,,,,,,,,,,,,,
600,hardware_time,-12.8,2,226.4417725,1023,341,1.261873049,46.15254684,146.5541108,146.5534246,2,0.75,1,17.93316432,174.5614499,208.0306516,205.6824065,1023,341,1.261873049,46.08193736,100.3985931,100.3984296,2,0.75,1,20.18302911,128.3705027,138.7977671,137.6850095,,,,,,,,,,,,,,,,,,,,,,,,,,,,,,,,,,,,,,,,,,,,,,,,,,,,,,,,,,,,,,,,,,,,,,,,,,,,,,,,,,,,,,,,,,,,,,,,,,,,,,,,,,,,,,,,,,,,,,,,,,,,,,,,,,,,,,,,,,,,,,,,,,,,,,,,,,,,,,,,,,,,,,,,,,,,,,,,,,,,,,,,,,,,,,,,,,,,,,,,,,,,,,,
800,hardware_time,-12.8,4,286.066059,1023,341,1.335176878,35.85768498,188.6604456,188.6602938,2,0.75,1,14.5124707,211.5359083,271.1905546,268.385285,1023,341,1.335176878,36.85449007,152.2827695,152.8026088,2,0.75,1,14.4213222,175.6566892,217.066086,216.1453802,1023,341,1.335176878,35.93819589,115.9463816,115.591218,2,0.75,1,16.33554358,138.8619783,161.8776521,161.0290697,1023,341,1.335176878,36.25195044,79.65128279,79.65116609,2,0.75,1,17.13180644,102.7237287,107.6768378,105.2329709,,,,,,,,,,,,,,,,,,,,,,,,,,,,,,,,,,,,,,,,,,,,,,,,,,,,,,,,,,,,,,,,,,,,,,,,,,,,,,,,,,,,,,,,,,,,,,,,,,,,,,,,,,,,,,,,,,,,,,,,,,,,,,,,,,,,,,,,,,,,,,,,,,,,,,,,,,,,,,,,,,,,,,,,,,,,,,,,,,,,,
100,hardware_time,-12.8,4,58.77349204,127,42,1.403244719,3.169925001,38.92854239,37.71081615,5,0.75,1,3.306827976,44.50846041,46.61971542,54.46239825,127,42,1.403244719,3.169925001,34.52694775,33.3346512,6,0.75,1,3.326317488,40.0007214,41.12264882,46.94415673,127,42,1.403244719,3.321928095,30.15064672,29.71725571,6,0.75,1,3.22170754,35.649359,36.48020096,39.37568181,127,42,1.403244719,4.906890596,25.79967709,26.39532761,6,0.75,1,2.007156713,31.56397485,32.35989442,33.07642436,,,,,,,,,,,,,,,,,,,,,,,,,,,,,,,,,,,,,,,,,,,,,,,,,,,,,,,,,,,,,,,,,,,,,,,,,,,,,,,,,,,,,,,,,,,,,,,,,,,,,,,,,,,,,,,,,,,,,,,,,,,,,,,,,,,,,,,,,,,,,,,,,,,,,,,,,,,,,,,,,,,,,,,,,,,,,,,,,,,,,
400,hardware_time,-12.8,1,164.2874888,511,170,1.188569221,47.36010368,104.1576864,104.1572554,2,0.75,1,19.00206382,132.7905215,144.4362064,144.1164638,,,,,,,,,,,,,,,,,,,,,,,,,,,,,,,,,,,,,,,,,,,,,,,,,,,,,,,,,,,,,,,,,,,,,,,,,,,,,,,,,,,,,,,,,,,,,,,,,,,,,,,,,,,,,,,,,,,,,,,,,,,,,,,,,,,,,,,,,,,,,,,,,,,,,,,,,,,,,,,,,,,,,,,,,,,,,,,,,,,,,,,,,,,,,,,,,,,,,,,,,,,,,,,,,,,,,,,,,,,,
600,hardware_time,-12.8,3,222.8899013,1023,341,1.298524963,36.50887541,146.5541108,146.5537617,2,0.75,1,14.20855843,169.7379596,208.0309044,206.2190398,1023,341,1.298524963,36.45362186,110.0426017,110.0423055,2,0.75,1,15.52350239,133.1987001,153.2636804,152.1052975,1023,341,1.298524963,36.3983718,73.58639534,73.5861574,3,0.75,1,17.01673158,90.64783086,98.5794234,93.74860694,,,,,,,,,,,,,,,,,,,,,,,,,,,,,,,,,,,,,,,,,,,,,,,,,,,,,,,,,,,,,,,,,,,,,,,,,,,,,,,,,,,,,,,,,,,,,,,,,,,,,,,,,,,,,,,,,,,,,,,,,,,,,,,,,,,,,,,,,,,,,,,,,,,,,,,,,,,,,,,,,,,,,,,,,,,,,,,,,,,,,,,,,,,,,,,,,,
800,hardware_time,-12.8,5,285.0946441,1023,341,1.361356817,27.73109884,188.6604456,188.6598241,2,0.75,1,13.06501579,207.4717039,271.1902023,269.8489175,1023,341,1.361356817,31.01239133,159.2711549,160.9287252,2,0.75,1,10.33746376,179.7233474,228.8299864,230.5804781,1023,341,1.361356817,26.16384491,129.9145967,129.9144872,2,0.75,1,15.78330713,147.9419318,183.071813,181.4260877,1023,341,1.361356817,31.94449895,100.5907721,103.7506423,2,0.75,1,10.64816658,121.50899,142.8789723,143.0987042,1023,341,1.361356817,29.76307223,71.29968205,71.80614339,2,0.75,1,14.30164826,91.12687787,95.57882355,96.03528655,,,,,,,,,,,,,,,,,,,,,,,,,,,,,,,,,,,,,,,,,,,,,,,,,,,,,,,,,,,,,,,,,,,,,,,,,,,,,,,,,,,,,,,,,,,,,,,,,,,,,,,,,,,,,,,,,,,,,,,,,,,,,,,,,,,,,,,,,,,,,,,,,,,,,,,,,,,,,,,,,,,,,,,,
100,hardware_time,-12.8,5,60.39902131,127,42,1.450368608,2.321928095,38.92854239,38.13914685,3,0.75,1,2.336516002,44.64820585,46.77932892,57.06170473,127,42,1.450368608,2.321928095,35.80327535,35.02866007,6,0.75,1,2.33545044,41.13564622,42.80224735,51.40136003,127,42,1.450368608,2.321928095,32.6926525,31.93284915,6,0.75,1,2.340452536,38.02448799,39.16256661,45.72481944,127,42,1.450368608,2.321928095,29.59670282,28.85174361,6,0.75,1,2.382747546,34.92799226,35.74453431,39.94031375,127,42,1.450368608,2.321928095,26.51545576,25.78537344,6,0.75,1,2.655750089,31.84618815,32.4338559,34.47138417,,,,,,,,,,,,,,,,,,,,,,,,,,,,,,,,,,,,,,,,,,,,,,,,,,,,,,,,,,,,,,,,,,,,,,,,,,,,,,,,,,,,,,,,,,,,,,,,,,,,,,,,,,,,,,,,,,,,,,,,,,,,,,,,,,,,,,,,,,,,,,,,,,,,,,,,,,,,,,,,,,,,,,,,
400,hardware_time,-12.8,2,158.1698922,511,170,1.261873049,33.42670204,104.1576864,105.7061089,2,0.75,1,11.14223402,125.8202863,146.0220802,145.0332135,511,170,1.261873049,31.80599749,72.27593441,72.27534549,2,0.75,1,14.22332503,93.1276891,96.61347366,95.91369513,,,,,,,,,,,,,,,,,,,,,,,,,,,,,,,,,,,,,,,,,,,,,,,,,,,,,,,,,,,,,,,,,,,,,,,,,,,,,,,,,,,,,,,,,,,,,,,,,,,,,,,,,,,,,,,,,,,,,,,,,,,,,,,,,,,,,,,,,,,,,,,,,,,,,,,,,,,,,,,,,,,,,,,,,,,,,,,,,,,,,,,,,,,,,,,,,,,,,,,,,,,,,,,
600,hardware_time,-12.8,4,221.0446559,1023,341,1.335176878,29.33471212,146.5541108,147.7958266,2,0.75,1,9.778237873,166.1497871,209.2442205,209.8587044,1023,341,1.335176878,25.65332354,118.4588298,118.4583518,2,0.75,1,14.14160113,136.2131813,165.8878863,163.5974845,1023,341,1.335176878,30.4097797,90.40511118,92.80502831,2,0.75,1,10.13659312,110.5382443,126.521878,126.0459122,1023,341,1.335176878,27.96813828,62.39295669,62.392802,3,0.75,1,13.49092379,76.64313751,81.78968159,79.79671243,,,,,,,,,,,,,,,,,,,,,,,,,,,,,,,,,,,,,,,,,,,,,,,,,,,,,,,,,,,,,,,,,,,,,,,,,,,,,,,,,,,,,,,,,,,,,,,,,,,,,,,,,,,,,,,,,,,,,,,,,,,,,,,,,,,,,,,,,,,,,,,,,,,,,,,,,,,,,,,,,,,,,,,,,,,,,,,,,,,,,
900,hardware_time,-12.8,1,341.750911,1023,341,1.193805208,99.23471584,209.660496,209.6599731,2,0.75,1,38.39125285,264.2401208,302.6903519,301.9298918,,,,,,,,,,,,,,,,,,,,,,,,,,,,,,,,,,,,,,,,,,,,,,,,,,,,,,,,,,,,,,,,,,,,,,,,,,,,,,,,,,,,,,,,,,,,,,,,,,,,,,,,,,,,,,,,,,,,,,,,,,,,,,,,,,,,,,,,,,,,,,,,,,,,,,,,,,,,,,,,,,,,,,,,,,,,,,,,,,,,,,,,,,,,,,,,,,,,,,,,,,,,,,,,,,,,,,,,,,,,
200,hardware_time,-12.8,1,92.03249524,255,85,1.178097245,27.0537243,61.16311769,61.68711044,3,0.75,1,10.58623951,75.1324583,80.39103793,80.46404878,,,,,,,,,,,,,,,,,,,,,,,,,,,,,,,,,,,,,,,,,,,,,,,,,,,,,,,,,,,,,,,,,,,,,,,,,,,,,,,,,,,,,,,,,,,,,,,,,,,,,,,,,,,,,,,,,,,,,,,,,,,,,,,,,,,,,,,,,,,,,,,,,,,,,,,,,,,,,,,,,,,,,,,,,,,,,,,,,,,,,,,,,,,,,,,,,,,,,,,,,,,,,,,,,,,,,,,,,,,,
400,hardware_time,-12.8,3,156.4532635,511,170,1.308996939,21.91635112,104.1576864,104.1573581,2,0.75,1,11.28161412,120.0626992,144.4362834,142.8473183,511,170,1.308996939,25.43393514,80.45478508,82.241007,2,0.75,1,8.47797877,98.11914937,110.7707941,110.9141884,511,170,1.308996939,23.59586605,56.80359104,56.80346362,3,0.75,1,11.12375825,69.61545482,73.40757986,73.18702258,,,,,,,,,,,,,,,,,,,,,,,,,,,,,,,,,,,,,,,,,,,,,,,,,,,,,,,,,,,,,,,,,,,,,,,,,,,,,,,,,,,,,,,,,,,,,,,,,,,,,,,,,,,,,,,,,,,,,,,,,,,,,,,,,,,,,,,,,,,,,,,,,,,,,,,,,,,,,,,,,,,,,,,,,,,,,,,,,,,,,,,,,,,,,,,,,,
600,hardware_time,-12.8,5,223.313528,1023,341,1.366592804,15.25491788,146.5541108,139.9757845,2,0.75,1,15.25489123,159.1080978,207.0327098,206.0841061,1023,341,1.366592804,15.44255479,124.718582,120.6255381,2,0.75,1,15.4425598,137.3662888,174.2981927,173.4699547,1023,341,1.366592804,19.55524818,102.9144656,105.1829833,2,0.75,1,11.73316442,117.6188785,145.104813,144.4616492,1023,341,1.366592804,23.79188246,81.14176342,85.6277351,2,0.75,1,7.930633808,97.96491021,115.6551397,115.2379293,1023,341,1.366592804,24.14294458,59.40047724,61.83585264,2,0.75,1,8.673170911,76.39908264,80.06460573,82.51259968,,,,,,,,,,,,,,,,,,,,,,,,,,,,,,,,,,,,,,,,,,,,,,,,,,,,,,,,,,,,,,,,,,,,,,,,,,,,,,,,,,,,,,,,,,,,,,,,,,,,,,,,,,,,,,,,,,,,,,,,,,,,,,,,,,,,,,,,,,,,,,,,,,,,,,,,,,,,,,,,,,,,,,,,
900,hardware_time,-12.8,2,327.8254979,1023,341,1.267109037,65.25672802,209.660496,209.6603868,2,0.75,1,24.83332543,247.2450905,302.6906621,299.585555,1023,341,1.267109037,64.01218393,144.40211,143.2258174,2,0.75,1,29.09644724,181.364197,204.1753829,204.28721,,,,,,,,,,,,,,,,,,,,,,,,,,,,,,,,,,,,,,,,,,,,,,,,,,,,,,,,,,,,,,,,,,,,,,,,,,,,,,,,,,,,,,,,,,,,,,,,,,,,,,,,,,,,,,,,,,,,,,,,,,,,,,,,,,,,,,,,,,,,,,,,,,,,,,,,,,,,,,,,,,,,,,,,,,,,,,,,,,,,,,,,,,,,,,,,,,,,,,,,,,,,,,,
200,hardware_time,-12.8,2,89.40902388,255,85,1.256637061,19.06004147,61.16311769,62.30307083,2,0.75,1,6.353329441,75.64234056,81.03981551,81.63455678,255,85,1.256637061,17.84421537,43.23607555,43.23594437,6,0.75,1,8.362365082,51.15802495,53.23436755,52.78491647,,,,,,,,,,,,,,,,,,,,,,,,,,,,,,,,,,,,,,,,,,,,,,,,,,,,,,,,,,,,,,,,,,,,,,,,,,,,,,,,,,,,,,,,,,,,,,,,,,,,,,,,,,,,,,,,,,,,,,,,,,,,,,,,,,,,,,,,,,,,,,,,,,,,,,,,,,,,,,,,,,,,,,,,,,,,,,,,,,,,,,,,,,,,,,,,,,,,,,,,,,,,,,,
400,hardware_time,-12.8,4,155.8190948,511,170,1.345648853,19.25588149,104.1576864,106.8589781,2,0.75,1,6.418647451,118.7319741,147.5729261,147.9230089,511,170,1.345648853,19.53892966,85.89395927,87.60309663,2,0.75,1,6.512926116,100.6096908,118.8300933,121.0024396,511,170,1.345648853,16.53999178,67.66876995,68.06416697,2,0.75,1,9.924097119,80.88436891,90.03002685,89.91374096,511,170,1.345648853,20.18665713,49.48212236,51.52417519,3,0.75,1,6.825569722,61.15690922,64.66350532,66.04462803,,,,,,,,,,,,,,,,,,,,,,,,,,,,,,,,,,,,,,,,,,,,,,,,,,,,,,,,,,,,,,,,,,,,,,,,,,,,,,,,,,,,,,,,,,,,,,,,,,,,,,,,,,,,,,,,,,,,,,,,,,,,,,,,,,,,,,,,,,,,,,,,,,,,,,,,,,,,,,,,,,,,,,,,,,,,,,,,,,,,,
700,hardware_time,-12.8,1,271.1726763,1023,341,1.193805208,77.99643001,167.6281923,167.5768105,2,0.75,1,30.52034218,211.5730828,239.6042667,239.6988515,,,,,,,,,,,,,,,,,,,,,,,,,,,,,,,,,,,,,,,,,,,,,,,,,,,,,,,,,,,,,,,,,,,,,,,,,,,,,,,,,,,,,,,,,,,,,,,,,,,,,,,,,,,,,,,,,,,,,,,,,,,,,,,,,,,,,,,,,,,,,,,,,,,,,,,,,,,,,,,,,,,,,,,,,,,,,,,,,,,,,,,,,,,,,,,,,,,,,,,,,,,,,,,,,,,,,,,,,,,,
900,hardware_time,-12.8,3,321.6802113,1023,341,1.308996939,49.26761795,209.660496,209.6602568,2,0.75,1,18.74153636,239.2483097,302.6905646,299.2766842,1023,341,1.308996939,49.21664528,160.39109,160.3906731,2,0.75,1,20.38162127,189.9533607,228.7863224,227.4488809,1023,341,1.308996939,49.08268767,111.1724773,111.0888987,2,0.75,1,22.31031258,140.6677019,154.8973934,154.9459699,,,,,,,,,,,,,,,,,,,,,,,,,,,,,,,,,,,,,,,,,,,,,,,,,,,,,,,,,,,,,,,,,,,,,,,,,,,,,,,,,,,,,,,,,,,,,,,,,,,,,,,,,,,,,,,,,,,,,,,,,,,,,,,,,,,,,,,,,,,,,,,,,,,,,,,,,,,,,,,,,,,,,,,,,,,,,,,,,,,,,,,,,,,,,,,,,,
200,hardware_time,-12.8,3,90.1410659,255,85,1.319468915,8.832890014,61.16311769,57.59975099,2,0.75,1,8.834834962,70.52546466,78.98031439,79.98426541,255,85,1.319468915,8.982993575,48.75990717,46.81892575,2,0.75,1,8.984601053,58.19708337,60.55471458,60.45008409,255,85,1.319468915,13.72770778,36.40593079,37.83593217,7,0.75,1,4.631849585,43.31421587,45.12621581,46.11506581,,,,,,,,,,,,,,,,,,,,,,,,,,,,,,,,,,,,,,,,,,,,,,,,,,,,,,,,,,,,,,,,,,,,,,,,,,,,,,,,,,,,,,,,,,,,,,,,,,,,,,,,,,,,,,,,,,,,,,,,,,,,,,,,,,,,,,,,,,,,,,,,,,,,,,,,,,,,,,,,,,,,,,,,,,,,,,,,,,,,,,,,,,,,,,,,,,
400,hardware_time,-12.8,5,157.3031848,511,170,1.371828792,10.48683502,104.1576864,99.78865376,2,0.75,1,10.4876734,114.3460045,143.4518074,145.6680763,511,170,1.371828792,10.59991284,89.29834629,85.07277294,2,0.75,1,10.59959644,99.54308496,121.1652397,123.4397672,511,170,1.371828792,10.72024426,74.46937927,70.39452262,2,0.75,1,10.72027953,84.77416588,98.92478067,100.9527188,511,170,1.371828792,10.8494051,59.67078911,57.50037908,2,0.75,1,10.85026435,70.04003919,76.85082186,78.10551949,511,170,1.371828792,16.48271344,44.90257955,46.65097398,3,0.75,1,6.971394871,55.34202377,57.46212645,60.009156,,,,,,,,,,,,,,,,,,,,,,,,,,,,,,,,,,,,,,,,,,,,,,,,,,,,,,,,,,,,,,,,,,,,,,,,,,,,,,,,,,,,,,,,,,,,,,,,,,,,,,,,,,,,,,,,,,,,,,,,,,,,,,,,,,,,,,,,,,,,,,,,,,,,,,,,,,,,,,,,,,,,,,,,
700,hardware_time,-12.8,2,260.1330384,1023,341,1.267109037,51.56424739,167.6281923,167.6277109,2,0.75,1,19.86417795,198.3518732,239.6419274,237.7643445,1023,341,1.267109037,50.72564752,116.0614912,115.2909893,2,0.75,1,23.05711251,146.3656506,161.827127,162.4019364,,,,,,,,,,,,,,,,,,,,,,,,,,,,,,,,,,,,,,,,,,,,,,,,,,,,,,,,,,,,,,,,,,,,,,,,,,,,,,,,,,,,,,,,,,,,,,,,,,,,,,,,,,,,,,,,,,,,,,,,,,,,,,,,,,,,,,,,,,,,,,,,,,,,,,,,,,,,,,,,,,,,,,,,,,,,,,,,,,,,,,,,,,,,,,,,,,,,,,,,,,,,,,,
900,hardware_time,-12.8,4,318.5417813,1023,341,1.335176878,40.49955849,209.660496,209.6599777,2,0.75,1,15.46744272,234.8632275,302.6903554,299.9769515,1023,341,1.335176878,40.02264915,169.1588704,169.1584969,2,0.75,1,16.96152028,194.1230419,241.9380255,239.9165736,1023,341,1.335176878,40.85508972,128.6984401,129.1358478,2,0.75,1,17.24992677,154.0788747,181.6126973,180.6746333,1023,341,1.335176878,40.37624896,88.27920588,88.27897144,2,0.75,1,18.96984115,113.4201141,120.6186331,118.0356584,,,,,,,,,,,,,,,,,,,,,,,,,,,,,,,,,,,,,,,,,,,,,,,,,,,,,,,,,,,,,,,,,,,,,,,,,,,,,,,,,,,,,,,,,,,,,,,,,,,,,,,,,,,,,,,,,,,,,,,,,,,,,,,,,,,,,,,,,,,,,,,,,,,,,,,,,,,,,,,,,,,,,,,,,,,,,,,,,,,,,
200,hardware_time,-12.8,4,90.87342533,255,85,1.361356817,6.714245518,61.16311769,58.52482464,2,0.75,1,6.703087419,69.46556305,79.03526792,83.12863024,255,85,1.361356817,6.781359714,51.80362531,49.26740527,2,0.75,1,6.772582588,60.13937777,65.01795452,68.57992584,255,85,1.361356817,6.845490051,42.47905807,41.18390298,4,0.75,1,6.859092737,49.13521149,51.50103549,53.76785657,255,85,1.361356817,10.39660478,33.18942926,34.33841293,7,0.75,1,3.890894801,39.62085069,40.91521134,42.46511186,,,,,,,,,,,,,,,,,,,,,,,,,,,,,,,,,,,,,,,,,,,,,,,,,,,,,,,,,,,,,,,,,,,,,,,,,,,,,,,,,,,,,,,,,,,,,,,,,,,,,,,,,,,,,,,,,,,,,,,,,,,,,,,,,,,,,,,,,,,,,,,,,,,,,,,,,,,,,,,,,,,,,,,,,,,,,,,,,,,,,
500,hardware_time,-12.8,1,199.8741338,511,170,1.193805208,57.00135443,125.3794286,125.5797441,2,0.75,1,22.30487782,158.844435,176.427188,176.6985734,,,,,,,,,,,,,,,,,,,,,,,,,,,,,,,,,,,,,,,,,,,,,,,,,,,,,,,,,,,,,,,,,,,,,,,,,,,,,,,,,,,,,,,,,,,,,,,,,,,,,,,,,,,,,,,,,,,,,,,,,,,,,,,,,,,,,,,,,,,,,,,,,,,,,,,,,,,,,,,,,,,,,,,,,,,,,,,,,,,,,,,,,,,,,,,,,,,,,,,,,,,,,,,,,,,,,,,,,,,,
700,hardware_time,-12.8,3,255.7370981,1023,341,1.303760951,40.54523239,167.6281923,167.627749,2,0.75,1,15.63889985,192.8406408,239.641956,237.2151897,1023,341,1.303760951,40.49198304,127.0805443,127.0799086,2,0.75,1,17.04167841,152.2662763,178.8203397,177.406665,1023,341,1.303760951,40.43914794,86.58595053,86.58553806,2,0.75,1,18.6265827,111.7451729,118.0786166,115.2814834,,,,,,,,,,,,,,,,,,,,,,,,,,,,,,,,,,,,,,,,,,,,,,,,,,,,,,,,,,,,,,,,,,,,,,,,,,,,,,,,,,,,,,,,,,,,,,,,,,,,,,,,,,,,,,,,,,,,,,,,,,,,,,,,,,,,,,,,,,,,,,,,,,,,,,,,,,,,,,,,,,,,,,,,,,,,,,,,,,,,,,,,,,,,,,,,,,
900,hardware_time,-12.8,5,317.5744909,1023,341,1.361356817,30.88938857,209.660496,209.6598667,2,0.75,1,14.34381886,230.0571261,302.6902721,300.5522294,1023,341,1.361356817,34.39132929,177.0027265,178.7704781,2,0.75,1,11.46377646,199.1506286,255.5687726,256.9449274,1023,341,1.361356817,29.21500686,144.3775983,144.3775941,2,0.75,1,17.31091386,163.9367697,204.7663943,202.4122307,1023,341,1.361356817,35.4381733,111.7851124,115.1625873,2,0.75,1,11.81272441,134.4564417,159.9863126,159.6962218,1023,341,1.361356817,33.02478821,79.22526938,79.72441395,2,0.75,1,15.3249711,100.689603,107.4602985,108.2811119,,,,,,,,,,,,,,,,,,,,,,,,,,,,,,,,,,,,,,,,,,,,,,,,,,,,,,,,,,,,,,,,,,,,,,,,,,,,,,,,,,,,,,,,,,,,,,,,,,,,,,,,,,,,,,,,,,,,,,,,,,,,,,,,,,,,,,,,,,,,,,,,,,,,,,,,,,,,,,,,,,,,,,,,
200,hardware_time,-12.8,5,93.18331712,255,85,1.398008731,5.129283017,61.16311769,59.20105623,2,0.75,1,5.129291467,68.67269045,79.1216379,87.05106736,255,85,1.398008731,5.169925001,54.06481941,52.16796025,2,0.75,1,5.147148802,61.59445418,68.49139918,75.76995465,255,85,1.398008731,5.169925001,46.99104776,45.11876135,2,0.75,1,5.209336954,54.52040956,57.94052183,64.3815732,255,85,1.398008731,5.209453366,39.94181485,38.13364208,6,0.75,1,5.249578423,45.75425257,47.8289818,52.93485442,255,85,1.398008731,5.247927513,32.91713287,31.17203218,7,0.75,1,5.969358154,38.61078203,39.11417457,41.29557875,,,,,,,,,,,,,,,,,,,,,,,,,,,,,,,,,,,,,,,,,,,,,,,,,,,,,,,,,,,,,,,,,,,,,,,,,,,,,,,,,,,,,,,,,,,,,,,,,,,,,,,,,,,,,,,,,,,,,,,,,,,,,,,,,,,,,,,,,,,,,,,,,,,,,,,,,,,,,,,,,,,,,,,,
500,hardware_time,-12.8,2,192.098128,511,170,1.267109037,37.81430535,125.3794286,125.3792901,2,0.75,1,14.85056874,149.2466398,176.269039,175.2257549,511,170,1.267109037,37.36809705,87.56218593,87.18480665,2,0.75,1,16.98549866,111.2061269,119.2878317,119.5475535,,,,,,,,,,,,,,,,,,,,,,,,,,,,,,,,,,,,,,,,,,,,,,,,,,,,,,,,,,,,,,,,,,,,,,,,,,,,,,,,,,,,,,,,,,,,,,,,,,,,,,,,,,,,,,,,,,,,,,,,,,,,,,,,,,,,,,,,,,,,,,,,,,,,,,,,,,,,,,,,,,,,,,,,,,,,,,,,,,,,,,,,,,,,,,,,,,,,,,,,,,,,,,,
700,hardware_time,-12.8,4,253.8886172,1023,341,1.335176878,33.56774746,167.6281923,168.9546531,2,0.75,1,11.18924912,189.350931,240.9559754,241.1875407,1023,341,1.335176878,29.54039157,135.3849333,135.3842772,2,0.75,1,16.01051549,155.0933939,191.276908,188.3283764,1023,341,1.335176878,34.81927178,103.1830808,105.8438856,2,0.75,1,11.60642395,125.5315775,146.05381,145.2989131,1023,341,1.335176878,32.11679495,71.02263613,71.02237597,2,0.75,1,15.29985971,92.01945185,94.73377983,92.48146762,,,,,,,,,,,,,,,,,,,,,,,,,,,,,,,,,,,,,,,,,,,,,,,,,,,,,,,,,,,,,,,,,,,,,,,,,,,,,,,,,,,,,,,,,,,,,,,,,,,,,,,,,,,,,,,,,,,,,,,,,,,,,,,,,,,,,,,,,,,,,,,,,,,,,,,,,,,,,,,,,,,,,,,,,,,,,,,,,,,,,
300,hardware_time,-12.8,1,128.5704551,511,170,1.183333233,37.28569575,82.80473907,82.80400636,2,0.75,1,15.21533247,106.3816082,112.4065596,112.2777603,,,,,,,,,,,,,,,,,,,,,,,,,,,,,,,,,,,,,,,,,,,,,,,,,,,,,,,,,,,,,,,,,,,,,,,,,,,,,,,,,,,,,,,,,,,,,,,,,,,,,,,,,,,,,,,,,,,,,,,,,,,,,,,,,,,,,,,,,,,,,,,,,,,,,,,,,,,,,,,,,,,,,,,,,,,,,,,,,,,,,,,,,,,,,,,,,,,,,,,,,,,,,,,,,,,,,,,,,,,,
500,hardware_time,-12.8,3,189.4668943,511,170,1.298524963,32.37138755,125.3794286,126.7825748,2,0.75,1,10.79046242,146.5241554,177.6754458,176.6774174,511,170,1.298524963,30.39724705,94.40838849,93.89292267,2,0.75,1,13.81693059,114.565612,129.4771736,128.500881,511,170,1.298524963,30.85708475,63.49287138,63.49277435,3,0.75,1,14.55937972,78.73671848,83.43948632,78.68010616,,,,,,,,,,,,,,,,,,,,,,,,,,,,,,,,,,,,,,,,,,,,,,,,,,,,,,,,,,,,,,,,,,,,,,,,,,,,,,,,,,,,,,,,,,,,,,,,,,,,,,,,,,,,,,,,,,,,,,,,,,,,,,,,,,,,,,,,,,,,,,,,,,,,,,,,,,,,,,,,,,,,,,,,,,,,,,,,,,,,,,,,,,,,,,,,,,
700,hardware_time,-12.8,5,253.219908,1023,341,1.361356817,27.25505077,167.6281923,170.5475038,2,0.75,1,9.085018144,186.1937914,243.0889794,242.1793843,1023,341,1.361356817,27.61912343,141.5176496,143.2924531,2,0.75,1,9.206375809,160.265242,202.3502873,204.5709487,1023,341,1.361356817,23.34320212,115.4399554,115.6733296,2,0.75,1,14.00592261,132.049005,161.5455553,161.2589443,1023,341,1.361356817,28.43626494,89.39511094,92.3301275,2,0.75,1,9.478757523,108.5511994,125.7618431,127.1913271,1023,341,1.361356817,26.48790255,63.38311766,63.89386256,2,0.75,1,13.8232974,81.56470364,83.7082385,83.857294,,,,,,,,,,,,,,,,,,,,,,,,,,,,,,,,,,,,,,,,,,,,,,,,,,,,,,,,,,,,,,,,,,,,,,,,,,,,,,,,,,,,,,,,,,,,,,,,,,,,,,,,,,,,,,,,,,,,,,,,,,,,,,,,,,,,,,,,,,,,,,,,,,,,,,,,,,,,,,,,,,,,,,,,
300,hardware_time,-12.8,2,124.002234,511,170,1.261873049,26.02831347,82.80473907,84.14868265,2,0.75,1,8.676106208,100.7495686,113.7417833,113.7407675,511,170,1.261873049,24.61505377,58.115796,58.11872065,3,0.75,1,11.18868254,71.25040908,75.37737487,75.58697599,,,,,,,,,,,,,,,,,,,,,,,,,,,,,,,,,,,,,,,,,,,,,,,,,,,,,,,,,,,,,,,,,,,,,,,,,,,,,,,,,,,,,,,,,,,,,,,,,,,,,,,,,,,,,,,,,,,,,,,,,,,,,,,,,,,,,,,,,,,,,,,,,,,,,,,,,,,,,,,,,,,,,,,,,,,,,,,,,,,,,,,,,,,,,,,,,,,,,,,,,,,,,,,
500,hardware_time,-12.8,4,187.8540409,511,170,1.340412866,24.12094737,125.3794286,126.4983742,2,0.75,1,8.040317212,142.3975385,177.3397963,178.5274187,511,170,1.340412866,20.95034515,102.3746281,102.3743202,2,0.75,1,11.72927775,117.8068659,141.7617112,140.5874147,511,170,1.340412866,24.9361936,79.40980827,81.42397504,2,0.75,1,8.312069758,96.83550417,109.5035425,109.8450879,511,170,1.340412866,22.8819976,56.48497174,56.48493384,3,0.75,1,11.06079022,69.06924974,72.92997069,72.64513343,,,,,,,,,,,,,,,,,,,,,,,,,,,,,,,,,,,,,,,,,,,,,,,,,,,,,,,,,,,,,,,,,,,,,,,,,,,,,,,,,,,,,,,,,,,,,,,,,,,,,,,,,,,,,,,,,,,,,,,,,,,,,,,,,,,,,,,,,,,,,,,,,,,,,,,,,,,,,,,,,,,,,,,,,,,,,,,,,,,,,
800,hardware_time,-12.8,1,306.4623869,1023,341,1.193805208,88.64645035,188.6604456,188.6598553,2,0.75,1,34.4342846,237.9390078,271.1902258,270.8454262,,,,,,,,,,,,,,,,,,,,,,,,,,,,,,,,,,,,,,,,,,,,,,,,,,,,,,,,,,,,,,,,,,,,,,,,,,,,,,,,,,,,,,,,,,,,,,,,,,,,,,,,,,,,dimension,metric,memory_cost,recursion_depth,total cost,n_0,k_0,theta_0,code_size_0,list size_0,buckets size_0,m_0,eta_0,pf_inv_0,num_codes_0,filter_cost_0,memory_cost_0,search_cost_0,n_1,k_1,theta_1,code_size_1,list size_1,buckets size_1,m_1,eta_1,pf_inv_1,num_codes_1,filter_cost_1,memory_cost_1,search_cost_1,n_2,k_2,theta_2,code_size_2,list size_2,buckets size_2,m_2,eta_2,pf_inv_2,num_codes_2,filter_cost_2,memory_cost_2,search_cost_2,n_3,k_3,theta_3,code_size_3,list size_3,buckets size_3,m_3,eta_3,pf_inv_3,num_codes_3,filter_cost_3,memory_cost_3,search_cost_3,n_4,k_4,theta_4,code_size_4,list size_4,buckets size_4,m_4,eta_4,pf_inv_4,num_codes_4,filter_cost_4,memory_cost_4,search_cost_4dimension,metric,memory_cost,recursion_depth,total cost,n_0,k_0,theta_0,code_size_0,list size_0,buckets size_0,m_0,eta_0,pf_inv_0,num_codes_0,filter_cost_0,memory_cost_0,search_cost_0,n_1,k_1,theta_1,code_size_1,list size_1,buckets size_1,m_1,eta_1,pf_inv_1,num_codes_1,filter_cost_1,memory_cost_1,search_cost_1,n_2,k_2,theta_2,code_size_2,list size_2,buckets size_2,m_2,eta_2,pf_inv_2,num_codes_2,filter_cost_2,memory_cost_2,search_cost_2